ValDate,MurexId,Maturity,FixedRate,Fixings_Prev,Fixings_Curr,StartDate,Ntnl_Prev,Ntnl_Curr,FixFreq,FixedAccrualBasis,FloatAccrualFreq,FloatAccrualBasis,BreakDate,FixedLegConvention,FloatLegConvention,ValDate2,MurexId2,PortfolioId,VersionId2,Input_#1_CompanyId,Input_#1_ProgramId,AssetTypeId2,BVFlag,OTCFlag
2019-11-15,100344,2030-01-14,0.02272,0.0200088,0.0200088,2015-01-14,90000000,90000000,6m,30/360,3m,ACT/360,"",MF,MF,2019-11-15,100344,F0LVA07_01,1,07,VAGB_TCM_GPS_RIDER,IRS,False,False
2019-11-15,100944,2035-01-23,0.022065,0.01934,0.01934,2015-01-23,7500000,7500000,6m,30/360,3m,ACT/360,"",MF,MF,2019-11-15,100944,R05VA10_01,1,10,VAGB_TARE_GMWB,IRS,False,False
2019-11-15,100945,2020-01-23,0.014385,0.01934,0.01934,2015-01-23,-10000000,-10000000,6m,30/360,3m,ACT/360,"",MF,MF,2019-11-15,100945,R05VA10_01,1,10,VAGB_TARE_GMWB,IRS,False,False
2019-11-15,101366,2035-01-29,0.02201,0.0192813,0.0192813,2015-01-29,60000000,60000000,6m,30/360,3m,ACT/360,"",MF,MF,2019-11-15,101366,F0LVA07_01,1,07,VAGB_TCM_GPS_RIDER,IRS,False,False
2019-11-15,101367,2035-01-29,0.022055,0.0192813,0.0192813,2015-01-29,40000000,40000000,6m,30/360,3m,ACT/360,"",MF,MF,2019-11-15,101367,F0LVA07_01,1,07,VAGB_TCM_GPS_RIDER,IRS,False,False
2019-11-15,102119,2025-02-06,0.019535,0.0190825,0.0190825,2015-02-06,-6000000,-6000000,6m,30/360,3m,ACT/360,"",MF,MF,2019-11-15,102119,R05VA10_01,1,10,VAGB_TARE_GMWB,IRS,False,False
2019-11-15,102293,2020-02-11,0.016484,0.0190063,0.0190063,2015-02-11,-12000000,-12000000,6m,30/360,3m,ACT/360,"",MF,MF,2019-11-15,102293,R05VA10_01,1,10,VAGB_TARE_GMWB,IRS,False,False
2019-11-15,102759,2030-02-17,0.023405,0.0212375,0.0212375,2015-02-17,-5000000,-5000000,6m,30/360,3m,ACT/360,"",MF,MF,2019-11-15,102759,R05VA10_01,1,10,VAGB_TARE_GMWB,IRS,False,False
2019-11-15,102850,2025-02-19,0.022285,0.0212375,0.0212375,2015-02-19,-90000000,-90000000,6m,30/360,3m,ACT/360,"",MF,MF,2019-11-15,102850,F0LVA07_01,1,07,VAGB_TCM_GPS_RIDER,IRS,False,False
2019-11-15,102915,2035-02-20,0.0255,0.0213588,0.0213588,2015-02-20,-4000000,-4000000,6m,30/360,3m,ACT/360,"",MF,MF,2019-11-15,102915,R05VA10_01,1,10,VAGB_TARE_GMWB,IRS,False,False
2019-11-15,102916,2025-02-20,0.02256,0.0213588,0.0213588,2015-02-20,-4000000,-4000000,6m,30/360,3m,ACT/360,"",MF,MF,2019-11-15,102916,R05VA10_01,1,10,VAGB_TARE_GMWB,IRS,False,False
2019-11-15,102923,2020-02-20,0.01755,0.0213588,0.0213588,2015-02-20,-200000000,-200000000,6m,30/360,3m,ACT/360,"",MF,MF,2019-11-15,102923,F0LVA07_01,1,07,VAGB_TCM_GPS_RIDER,IRS,False,False
2019-11-15,103565,2035-02-26,0.02487,0.0213225,0.0213225,2015-02-26,90000000,90000000,6m,30/360,3m,ACT/360,"",MF,MF,2019-11-15,103565,F0LVA07_01,1,07,VAGB_TCM_GPS_RIDER,IRS,False,False
2019-11-15,103576,2035-02-26,0.024305,0.0213225,0.0213225,2015-02-26,75000000,75000000,6m,30/360,3m,ACT/360,"",MF,MF,2019-11-15,103576,F0LVA07_01,1,07,VAGB_TCM_GPS_RIDER,IRS,False,False
2019-11-15,103942,2035-03-03,0.02467,0.0213763,0.0213763,2015-03-03,70000000,70000000,6m,30/360,3m,ACT/360,"",MF,MF,2019-11-15,103942,F0LVA07_01,1,07,VAGB_TCM_GPS_RIDER,IRS,False,False
2019-11-15,104727,2035-03-13,0.02559,0.0212725,0.0212725,2015-03-13,50000000,50000000,6m,30/360,3m,ACT/360,"",MF,MF,2019-11-15,104727,F0LVA07_01,1,07,VAGB_TCM_GPS_RIDER,IRS,False,False
2019-11-15,104728,2030-03-13,0.02462,0.0212725,0.0212725,2015-03-13,75000000,75000000,6m,30/360,3m,ACT/360,"",MF,MF,2019-11-15,104728,F0LVA07_01,1,07,VAGB_TCM_GPS_RIDER,IRS,False,False
2019-11-15,104830,2035-03-16,0.024706,0.021185,0.021185,2015-03-16,4500000,4500000,6m,30/360,3m,ACT/360,"",MF,MF,2019-11-15,104830,R05VA10_01,1,10,VAGB_TARE_GMWB,IRS,False,False
2019-11-15,105984,2035-03-27,0.022298,0.0209963,0.0209963,2015-03-27,5000000,5000000,6m,30/360,3m,ACT/360,"",MF,MF,2019-11-15,105984,R05VA10_01,1,10,VAGB_TARE_GMWB,IRS,False,False
2019-11-15,107648,2025-04-24,0.019752,0.01936,0.01936,2015-04-24,70000000,70000000,6m,30/360,3m,ACT/360,"",MF,MF,2019-11-15,107648,F0LVA07_01,1,07,VAGB_TCM_GPS_RIDER,IRS,False,False
2019-11-15,107649,2035-04-24,0.02264,0.01936,0.01936,2015-04-24,40000000,40000000,6m,30/360,3m,ACT/360,"",MF,MF,2019-11-15,107649,F0LVA07_01,1,07,VAGB_TCM_GPS_RIDER,IRS,False,False
2019-11-15,107691,2035-04-24,0.02361,0.01936,0.01936,2015-04-24,65000000,65000000,6m,30/360,3m,ACT/360,"",MF,MF,2019-11-15,107691,F0LVA07_01,1,07,VAGB_TCM_GPS_RIDER,IRS,False,False
2019-11-15,107828,2035-04-28,0.0232094,0.0193563,0.0193563,2015-04-28,100000000,100000000,6m,30/360,3m,ACT/360,"",MF,MF,2019-11-15,107828,F0LVA07_01,1,07,VAGB_TCM_GPS_RIDER,IRS,False,False
2019-11-15,107971,2025-05-01,0.0212,0.0190913,0.0190913,2015-05-01,-40000000,-40000000,6m,30/360,3m,ACT/360,"",MF,MF,2019-11-15,107971,F0LVA07_01,1,07,VAGB_TCM_GPS_RIDER,IRS,False,False
2019-11-15,107976,2020-05-01,0.01597,0.0190913,0.0190913,2015-05-01,-24000000,-24000000,6m,30/360,3m,ACT/360,"",MF,MF,2019-11-15,107976,R05VA10_01,1,10,VAGB_TARE_GMWB,IRS,False,False
2019-11-15,108419,2030-05-07,0.025053,0.018935,0.018935,2015-05-07,-150000000,-150000000,6m,30/360,3m,ACT/360,"",MF,MF,2019-11-15,108419,F0LVA07_01,1,07,VAGB_TCM_GPS_RIDER,IRS,False,False
2019-11-15,108436,2020-05-07,0.017075,0.018935,0.018935,2015-05-07,-150000000,-150000000,6m,30/360,3m,ACT/360,"",MF,MF,2019-11-15,108436,F0LVA07_01,1,07,VAGB_TCM_GPS_RIDER,IRS,False,False
2019-11-15,108588,2035-05-11,0.02619,0.0190063,0.0190063,2015-05-11,110000000,110000000,6m,30/360,3m,ACT/360,"",MF,MF,2019-11-15,108588,F0LVA07_01,1,07,VAGB_TCM_GPS_RIDER,IRS,False,False
2019-11-15,108798,2025-05-13,0.02268,0.0190463,0.0190463,2015-05-13,-5000000,-5000000,6m,30/360,3m,ACT/360,"",MF,MF,2019-11-15,108798,R05VA10_01,1,10,VAGB_TARE_GMWB,IRS,False,False
2019-11-15,108799,2020-05-13,0.01678,0.0190463,0.0190463,2015-05-13,-10000000,-10000000,6m,30/360,3m,ACT/360,"",MF,MF,2019-11-15,108799,R05VA10_01,1,10,VAGB_TARE_GMWB,IRS,False,False
2019-11-15,108858,2025-05-14,0.023315,0.0190925,0.0190925,2015-05-14,-6000000,-6000000,6m,30/360,3m,ACT/360,"",MF,MF,2019-11-15,108858,R05VA10_01,1,10,VAGB_TARE_GMWB,IRS,False,False
2019-11-15,109026,2035-05-19,0.02619,0.0212375,0.0212375,2015-05-19,100000000,100000000,6m,30/360,3m,ACT/360,"",MF,MF,2019-11-15,109026,F0LVA07_01,1,07,VAGB_TCM_GPS_RIDER,IRS,False,False
2019-11-15,109059,2035-05-19,0.025855,0.0212375,0.0212375,2015-05-19,80000000,80000000,6m,30/360,3m,ACT/360,"",MF,MF,2019-11-15,109059,F0LVA07_01,1,07,VAGB_TCM_GPS_RIDER,IRS,False,False
2019-11-15,109494,2030-05-26,0.025025,0.0213225,0.0213225,2015-05-26,40000000,40000000,6m,30/360,3m,ACT/360,"",MF,MF,2019-11-15,109494,F0LVA07_01,1,07,VAGB_TCM_GPS_RIDER,IRS,False,False
2019-11-15,109637,2035-05-28,0.025835,0.0214438,0.0214438,2015-05-28,80000000,80000000,6m,30/360,3m,ACT/360,"",MF,MF,2019-11-15,109637,F0LVA07_01,1,07,VAGB_TCM_GPS_RIDER,IRS,False,False
2019-11-15,111175,2025-06-10,0.02468,0.0213413,0.0213413,2015-06-10,-100000000,-100000000,6m,30/360,3m,ACT/360,"",MF,MF,2019-11-15,111175,F0LVA07_01,1,07,VAGB_TCM_GPS_RIDER,IRS,False,False
2019-11-15,111176,2035-06-10,0.028185,0.0213413,0.0213413,2015-06-10,-100000000,-100000000,6m,30/360,3m,ACT/360,"",MF,MF,2019-11-15,111176,F0LVA07_01,1,07,VAGB_TCM_GPS_RIDER,IRS,False,False
2019-11-15,113072,2020-07-02,0.017861,0.0208513,0.0208513,2015-07-02,-75000000,-75000000,6m,30/360,3m,ACT/360,"",MF,MF,2019-11-15,113072,F0LVA07_01,1,07,VAGB_TCM_GPS_RIDER,IRS,False,False
2019-11-15,113987,2035-07-09,0.02779,0.02012,0.02012,2015-07-09,4250000,4250000,6m,30/360,3m,ACT/360,"",MF,MF,2019-11-15,113987,R05VA10_01,1,10,VAGB_TARE_GMWB,IRS,False,False
2019-11-15,114261,2020-07-15,0.01833,0.0200088,0.0200088,2015-07-15,-200000000,-200000000,6m,30/360,3m,ACT/360,"",MF,MF,2019-11-15,114261,F0LVA07_01,1,07,VAGB_TCM_GPS_RIDER,IRS,False,False
2019-11-15,114327,2022-07-16,0.021585,0.0200088,0.0200088,2015-07-16,-20000000,-20000000,6m,30/360,3m,ACT/360,"",MF,MF,2019-11-15,114327,R05VA10_01,1,10,VAGB_TARE_GMWB,IRS,False,False
2019-11-15,114716,2030-07-21,0.026885,0.0196588,0.0196588,2015-07-21,100000000,100000000,6m,30/360,3m,ACT/360,"",MF,MF,2019-11-15,114716,F0LVA07_01,1,07,VAGB_TCM_GPS_RIDER,IRS,False,False
2019-11-15,117572,2025-08-24,0.021925,0.0213225,0.0213225,2015-08-24,10000000,10000000,6m,30/360,3m,ACT/360,"",MF,MF,2019-11-15,117572,R05VA10_01,1,10,VAGB_TARE_GMWB,IRS,False,False
2019-11-15,117804,2025-08-25,0.021205,0.0213225,0.0213225,2015-08-25,10000000,10000000,6m,30/360,3m,ACT/360,"",MF,MF,2019-11-15,117804,R05VA10_01,1,10,VAGB_TARE_GMWB,IRS,False,False
2019-11-15,117856,2035-08-26,0.0237,0.0213225,0.0213225,2015-08-26,125000000,125000000,6m,30/360,3m,ACT/360,"",MF,MF,2019-11-15,117856,F0LVA07_01,1,07,VAGB_TCM_GPS_RIDER,IRS,False,False
2019-11-15,117857,2030-08-26,0.022675,0.0213225,0.0213225,2015-08-26,11000000,11000000,6m,30/360,3m,ACT/360,"",MF,MF,2019-11-15,117857,R05VA10_01,1,10,VAGB_TARE_GMWB,IRS,False,False
2019-11-15,118555,2030-09-02,0.024865,0.0213763,0.0213763,2015-09-02,-125000000,-125000000,6m,30/360,3m,ACT/360,"",MF,MF,2019-11-15,118555,F0LVA07_01,1,07,VAGB_TCM_GPS_RIDER,IRS,False,False
2019-11-15,120003,2037-09-18,0.02978,0.0214513,0.0214513,2017-09-18,-6000000,-6000000,6m,30/360,3m,ACT/360,"",MF,MF,2019-11-15,120003,R05VA10_01,1,10,VAGB_TARE_GMWB,IRS,False,False
2019-11-15,120133,2022-09-21,0.019833,0.0215888,0.0215888,2015-09-21,-125000000,-125000000,6m,30/360,3m,ACT/360,"",MF,MF,2019-11-15,120133,F0LVA07_01,1,07,VAGB_TCM_GPS_RIDER,IRS,False,False
2019-11-15,120480,2020-09-24,0.014795,0.0213463,0.0213463,2015-09-24,-100000000,-100000000,6m,30/360,3m,ACT/360,"",MF,MF,2019-11-15,120480,F0LVA07_01,1,07,VAGB_TCM_GPS_RIDER,IRS,False,False
2019-11-15,120531,2025-09-25,0.0214202,0.0210625,0.0210625,2015-09-25,10000000,10000000,6m,30/360,3m,ACT/360,"",MF,MF,2019-11-15,120531,R05VA10_01,1,10,VAGB_TARE_GMWB,IRS,False,False
2019-11-15,120798,2035-10-01,0.024337,0.0209863,0.0209863,2015-10-01,5000000,5000000,6m,30/360,3m,ACT/360,"",MF,MF,2019-11-15,120798,R05VA10_01,1,10,VAGB_TARE_GMWB,IRS,False,False
2019-11-15,120826,2020-10-01,0.013846,0.0209863,0.0209863,2015-10-01,16000000,16000000,6m,30/360,3m,ACT/360,"",MF,MF,2019-11-15,120826,R05VA10_01,1,10,VAGB_TARE_GMWB,IRS,False,False
2019-11-15,121109,2020-10-05,0.01402,0.0204313,0.0204313,2015-10-05,-300000000,-300000000,6m,30/360,3m,ACT/360,"",MF,MF,2019-11-15,121109,F0LVA07_01,1,07,VAGB_TCM_GPS_RIDER,IRS,False,False
2019-11-15,121110,2020-10-05,0.014135,0.0204313,0.0204313,2015-10-05,-250000000,-250000000,6m,30/360,3m,ACT/360,"",MF,MF,2019-11-15,121110,F0LVA07_01,1,07,VAGB_TCM_GPS_RIDER,IRS,False,False
2019-11-15,121210,2035-10-06,0.02359,0.0204313,0.0204313,2015-10-06,100000000,100000000,6m,30/360,3m,ACT/360,"",MF,MF,2019-11-15,121210,F0LVA07_01,1,07,VAGB_TCM_GPS_RIDER,IRS,False,False
2019-11-15,121260,2035-10-07,0.02437,0.0204313,0.0204313,2015-10-07,-15000000,-15000000,6m,30/360,3m,ACT/360,"",MF,MF,2019-11-15,121260,R05VA10_01,1,10,VAGB_TARE_GMWB,IRS,False,False
2019-11-15,121261,2020-10-07,0.01366,0.0204313,0.0204313,2015-10-07,-15000000,-15000000,6m,30/360,3m,ACT/360,"",MF,MF,2019-11-15,121261,R05VA10_01,1,10,VAGB_TARE_GMWB,IRS,False,False
2019-11-15,121283,2035-10-07,0.0248125,0.0204313,0.0204313,2015-10-07,-60000000,-60000000,6m,30/360,3m,ACT/360,"",MF,MF,2019-11-15,121283,F0LVA07_01,1,07,VAGB_TCM_GPS_RIDER,IRS,False,False
2019-11-15,121620,2025-10-08,0.020625,0.02027,0.02027,2015-10-08,-100000000,-100000000,6m,30/360,3m,ACT/360,"",MF,MF,2019-11-15,121620,F0LVA07_01,1,07,VAGB_TCM_GPS_RIDER,IRS,False,False
2019-11-15,121621,2035-10-08,0.02467,0.02027,0.02027,2015-10-08,-5000000,-5000000,6m,30/360,3m,ACT/360,"",MF,MF,2019-11-15,121621,R05VA10_01,1,10,VAGB_TARE_GMWB,IRS,False,False
2019-11-15,121628,2035-10-08,0.02466,0.02027,0.02027,2015-10-08,-75000000,-75000000,6m,30/360,3m,ACT/360,"",MF,MF,2019-11-15,121628,F0LVA07_01,1,07,VAGB_TCM_GPS_RIDER,IRS,False,False
2019-11-15,121757,2035-10-13,0.024655,0.0200088,0.0200088,2015-10-13,-70000000,-70000000,6m,30/360,3m,ACT/360,"",MF,MF,2019-11-15,121757,F0LVA07_01,1,07,VAGB_TCM_GPS_RIDER,IRS,False,False
2019-11-15,121758,2025-10-13,0.020565,0.0200088,0.0200088,2015-10-13,-75000000,-75000000,6m,30/360,3m,ACT/360,"",MF,MF,2019-11-15,121758,F0LVA07_01,1,07,VAGB_TCM_GPS_RIDER,IRS,False,False
2019-11-15,122119,2035-10-19,0.02403,0.0196588,0.0196588,2015-10-19,-80000000,-80000000,6m,30/360,3m,ACT/360,"",MF,MF,2019-11-15,122119,F0LVA07_01,1,07,VAGB_TCM_GPS_RIDER,IRS,False,False
2019-11-15,122363,2035-10-21,0.024285,0.0196588,0.0196588,2015-10-21,-9500000,-9500000,6m,30/360,3m,ACT/360,"",MF,MF,2019-11-15,122363,R05VA10_01,1,10,VAGB_TARE_GMWB,IRS,False,False
2019-11-15,122423,2020-10-22,0.01409,0.0195325,0.0195325,2015-10-22,-100000000,-100000000,6m,30/360,3m,ACT/360,"",MF,MF,2019-11-15,122423,F0LVA07_01,1,07,VAGB_TCM_GPS_RIDER,IRS,False,False
2019-11-15,122987,2030-03-24,0.02283,0.0213463,0.0213463,2015-10-26,125000000,125000000,6m,30/360,3m,ACT/360,"",MF,MF,2019-11-15,122987,F0LVA10_01,1,10,VAGB_TCM_GPS_RIDER,IRS,False,False
2019-11-15,122988,2025-03-13,0.01969,0.0212725,0.0212725,2015-10-26,40000000,40000000,6m,30/360,3m,ACT/360,"",MF,MF,2019-11-15,122988,F0LVA10_01,1,10,VAGB_TCM_GPS_RIDER,IRS,False,False
2019-11-15,122990,2025-10-26,0.026895,0.01535235,0.0154427,2020-10-26,30000000,30000000,6m,30/360,3m,ACT/360,"",MF,MF,2019-11-15,122990,F0LVA10_01,1,10,VAGB_TCM_GPS_RIDER,IRS,False,False
2019-11-15,123001,2035-10-26,0.024005,0.0193563,0.0193563,2015-10-26,1000000,1000000,6m,30/360,3m,ACT/360,"",MF,MF,2019-11-15,123001,F0LVA10_01,1,10,VAGB_TCM_GPS_RIDER,IRS,False,False
2019-11-15,123002,2025-10-26,0.019865,0.0193563,0.0193563,2015-10-26,2000000,2000000,6m,30/360,3m,ACT/360,"",MF,MF,2019-11-15,123002,F0LVA10_01,1,10,VAGB_TCM_GPS_RIDER,IRS,False,False
2019-11-15,123004,2025-10-26,0.019995,0.0193563,0.0193563,2015-10-26,30000000,30000000,6m,30/360,3m,ACT/360,"",MF,MF,2019-11-15,123004,F0LVA26_01,1,26,VAGB_TCM_GPS_RIDER,IRS,False,False
2019-11-15,123012,2030-10-26,0.022827,0.0193563,0.0193563,2015-10-26,50000000,50000000,6m,30/360,3m,ACT/360,"",MF,MF,2019-11-15,123012,F0LVA26_01,1,26,VAGB_TCM_GPS_RIDER,IRS,False,False
2019-11-15,123024,2025-08-25,0.01976,0.0213225,0.0213225,2015-10-26,50000000,50000000,6m,30/360,3m,ACT/360,"",MF,MF,2019-11-15,123024,F0LVA07_01,1,07,VAGB_TCM_GPS_RIDER,IRS,False,False
2019-11-15,123026,2030-08-27,0.02266,0.0213225,0.0213225,2015-10-26,50000000,50000000,6m,30/360,3m,ACT/360,"",MF,MF,2019-11-15,123026,F0LVA07_01,1,07,VAGB_TCM_GPS_RIDER,IRS,False,False
2019-11-15,123029,2035-08-26,0.024065,0.0213225,0.0213225,2015-10-26,30000000,30000000,6m,30/360,3m,ACT/360,"",MF,MF,2019-11-15,123029,F0LVA07_01,1,07,VAGB_TCM_GPS_RIDER,IRS,False,False
2019-11-15,123598,2035-11-02,0.02474,0.0190225,0.0190225,2015-11-02,-90000000,-90000000,6m,30/360,3m,ACT/360,"",MF,MF,2019-11-15,123598,F0LVA07_01,1,07,VAGB_TCM_GPS_RIDER,IRS,False,False
2019-11-15,123599,2020-11-02,0.015102,0.0190225,0.0190225,2015-11-02,-11000000,-11000000,6m,30/360,3m,ACT/360,"",MF,MF,2019-11-15,123599,R05VA10_01,1,10,VAGB_TARE_GMWB,IRS,False,False
2019-11-15,123600,2025-11-02,0.020935,0.0190225,0.0190225,2015-11-02,-10000000,-10000000,6m,30/360,3m,ACT/360,"",MF,MF,2019-11-15,123600,R05VA10_01,1,10,VAGB_TARE_GMWB,IRS,False,False
2019-11-15,123731,2035-08-26,0.024125,0.0213225,0.0213225,2015-08-26,70000000,70000000,6m,30/360,3m,ACT/360,"",MF,MF,2019-11-15,123731,F0LVA07_01,1,07,VAGB_TCM_GPS_RIDER,IRS,False,False
2019-11-15,123889,2030-11-05,0.02383,0.018905,0.018905,2015-11-05,-150000000,-150000000,6m,30/360,3m,ACT/360,"",MF,MF,2019-11-15,123889,F0LVA07_01,1,07,VAGB_TCM_GPS_RIDER,IRS,False,False
2019-11-15,124351,2025-11-09,0.020883,0.0190063,0.0190063,2015-11-09,-9000000,-9000000,6m,30/360,3m,ACT/360,"",MF,MF,2019-11-15,124351,R05VA10_01,1,10,VAGB_TARE_GMWB,IRS,False,False
2019-11-15,124429,2030-11-09,0.023598,0.0190063,0.0190063,2015-11-09,-3000000,-3000000,6m,30/360,3m,ACT/360,"",MF,MF,2019-11-15,124429,F0LVA26_01,1,26,VAGB_TCM_GPS_RIDER,IRS,False,False
2019-11-15,124438,2035-11-09,0.02473,0.0190063,0.0190063,2015-11-09,1500000,1500000,6m,30/360,3m,ACT/360,"",MF,MF,2019-11-15,124438,F0LVA07_01,1,07,VAGB_TCM_GPS_RIDER,IRS,False,False
2019-11-15,124482,2035-11-10,0.02608,0.0190063,0.0190063,2015-11-10,-60000000,-60000000,6m,30/360,3m,ACT/360,"",MF,MF,2019-11-15,124482,F0LVA07_01,1,07,VAGB_TCM_GPS_RIDER,IRS,False,False
2019-11-15,124483,2025-11-10,0.02234,0.0190063,0.0190063,2015-11-10,-75000000,-75000000,6m,30/360,3m,ACT/360,"",MF,MF,2019-11-15,124483,F0LVA07_01,1,07,VAGB_TCM_GPS_RIDER,IRS,False,False
2019-11-15,124486,2035-11-10,0.026044,0.0190063,0.0190063,2015-11-10,20000000,20000000,6m,30/360,3m,ACT/360,"",MF,MF,2019-11-15,124486,F0LVA10_01,1,10,VAGB_TCM_GPS_RIDER,IRS,False,False
2019-11-15,124487,2020-11-10,0.0169,0.0190063,0.0190063,2015-11-10,-50000000,-50000000,6m,30/360,3m,ACT/360,"",MF,MF,2019-11-15,124487,F0LVA10_01,1,10,VAGB_TCM_GPS_RIDER,IRS,False,False
2019-11-15,124496,2022-11-10,0.019648,0.0190063,0.0190063,2015-11-10,-7000000,-7000000,6m,30/360,3m,ACT/360,"",MF,MF,2019-11-15,124496,F0LVA07_01,1,07,VAGB_TCM_GPS_RIDER,IRS,False,False
2019-11-15,124497,2030-11-10,0.02481,0.0190063,0.0190063,2015-11-10,-6000000,-6000000,6m,30/360,3m,ACT/360,"",MF,MF,2019-11-15,124497,R05VA10_01,1,10,VAGB_TARE_GMWB,IRS,False,False
2019-11-15,124498,2030-11-10,0.02483,0.0190063,0.0190063,2015-11-10,-2500000,-2500000,6m,30/360,3m,ACT/360,"",MF,MF,2019-11-15,124498,F0LVA26_01,1,26,VAGB_TCM_GPS_RIDER,IRS,False,False
2019-11-15,124499,2035-11-10,0.026295,0.0190063,0.0190063,2015-11-10,-60000000,-60000000,6m,30/360,3m,ACT/360,"",MF,MF,2019-11-15,124499,F0LVA07_01,1,07,VAGB_TCM_GPS_RIDER,IRS,False,False
2019-11-15,125123,2030-11-16,0.02448,0.0216838,0.0216838,2015-11-16,3500000,3500000,6m,30/360,3m,ACT/360,"",MF,MF,2019-11-15,125123,F0LVA07_01,1,07,VAGB_TCM_GPS_RIDER,IRS,False,False
2019-11-15,125125,2030-11-16,0.02459,0.0216838,0.0216838,2015-11-16,100000000,100000000,6m,30/360,3m,ACT/360,"",MF,MF,2019-11-15,125125,F0LVA07_01,1,07,VAGB_TCM_GPS_RIDER,IRS,False,False
2019-11-15,125528,2035-11-17,0.025425,0.0212375,0.0212375,2015-11-17,5500000,5500000,6m,30/360,3m,ACT/360,"",MF,MF,2019-11-15,125528,R05VA10_01,1,10,VAGB_TARE_GMWB,IRS,False,False
2019-11-15,125572,2030-11-18,0.023935,0.0212375,0.0212375,2015-11-18,14000000,14000000,6m,30/360,3m,ACT/360,"",MF,MF,2019-11-15,125572,F0LVA10_01,1,10,VAGB_TCM_GPS_RIDER,IRS,False,False
2019-11-15,128651,2020-12-10,0.016095,0.0213413,0.0213413,2015-12-10,-22500000,-22500000,6m,30/360,3m,ACT/360,"",MF,MF,2019-11-15,128651,F0LVA10_01,1,10,VAGB_TCM_GPS_RIDER,IRS,False,False
2019-11-15,128652,2030-12-10,0.02353,0.0213413,0.0213413,2015-12-10,22500000,22500000,6m,30/360,3m,ACT/360,"",MF,MF,2019-11-15,128652,F0LVA10_01,1,10,VAGB_TCM_GPS_RIDER,IRS,False,False
2019-11-15,128801,2025-12-11,0.0218139,0.0213838,0.0213838,2015-12-11,-240000000,-240000000,6m,30/360,3m,ACT/360,"",MF,MF,2019-11-15,128801,F0LVA07_01,1,07,VAGB_TCM_GPS_RIDER,IRS,False,False
2019-11-15,128806,2025-12-11,0.0217514,0.0213838,0.0213838,2015-12-11,-240000000,-240000000,6m,30/360,3m,ACT/360,"",MF,MF,2019-11-15,128806,F0LVA07_01,1,07,VAGB_TCM_GPS_RIDER,IRS,False,False
2019-11-15,128809,2025-12-11,0.0213489,0.0213838,0.0213838,2015-12-11,-240000000,-240000000,6m,30/360,3m,ACT/360,"",MF,MF,2019-11-15,128809,F0LVA07_01,1,07,VAGB_TCM_GPS_RIDER,IRS,False,False
2019-11-15,128811,2025-12-11,0.0214719,0.0213838,0.0213838,2015-12-11,-240000000,-240000000,6m,30/360,3m,ACT/360,"",MF,MF,2019-11-15,128811,F0LVA07_01,1,07,VAGB_TCM_GPS_RIDER,IRS,False,False
2019-11-15,128858,2035-12-11,0.02536,0.0213838,0.0213838,2015-12-11,-195000000,-195000000,6m,30/360,3m,ACT/360,"",MF,MF,2019-11-15,128858,F0LVA07_01,1,07,VAGB_TCM_GPS_RIDER,IRS,False,False
2019-11-15,128914,2035-12-14,0.0256,0.021185,0.021185,2015-12-14,-224000000,-224000000,6m,30/360,3m,ACT/360,"",MF,MF,2019-11-15,128914,F0LVA07_01,1,07,VAGB_TCM_GPS_RIDER,IRS,False,False
2019-11-15,128975,2030-12-15,0.0241,0.021185,0.021185,2015-12-15,-283000000,-283000000,6m,30/360,3m,ACT/360,"",MF,MF,2019-11-15,128975,F0LVA07_01,1,07,VAGB_TCM_GPS_RIDER,IRS,False,False
2019-11-15,129002,2035-12-15,0.024555,0.021185,0.021185,2015-12-15,12000000,12000000,6m,30/360,3m,ACT/360,"",MF,MF,2019-11-15,129002,R05VA10_01,1,10,VAGB_TARE_GMWB,IRS,False,False
2019-11-15,129003,2035-12-15,0.025045,0.021185,0.021185,2015-12-15,-169000000,-169000000,6m,30/360,3m,ACT/360,"",MF,MF,2019-11-15,129003,F0LVA07_01,1,07,VAGB_TCM_GPS_RIDER,IRS,False,False
2019-11-15,129006,2030-12-15,0.023402,0.021185,0.021185,2015-12-15,6000000,6000000,6m,30/360,3m,ACT/360,"",MF,MF,2019-11-15,129006,F0LVA07_01,1,07,VAGB_TCM_GPS_RIDER,IRS,False,False
2019-11-15,129013,2030-12-15,0.023348,0.021185,0.021185,2015-12-15,13000000,13000000,6m,30/360,3m,ACT/360,"",MF,MF,2019-11-15,129013,F0LVA10_01,1,10,VAGB_TCM_GPS_RIDER,IRS,False,False
2019-11-15,129852,2020-12-18,0.016787,0.0214513,0.0214513,2015-12-18,-75000000,-75000000,6m,30/360,3m,ACT/360,"",MF,MF,2019-11-15,129852,F0LVA07_01,1,07,VAGB_TCM_GPS_RIDER,IRS,False,False
2019-11-15,129864,2035-12-18,0.0257904,0.0214513,0.0214513,2015-12-18,-8500000,-8500000,6m,30/360,3m,ACT/360,"",MF,MF,2019-11-15,129864,F0LVA07_01,1,07,VAGB_TCM_GPS_RIDER,IRS,False,False
2019-11-15,129956,2035-12-21,0.025227,0.0215888,0.0215888,2015-12-21,5500000,5500000,6m,30/360,3m,ACT/360,"",MF,MF,2019-11-15,129956,F0LVA07_01,1,07,VAGB_TCM_GPS_RIDER,IRS,False,False
2019-11-15,130625,2035-12-29,0.02554,0.0210438,0.0210438,2015-12-29,63000000,63000000,6m,30/360,3m,ACT/360,"",MF,MF,2019-11-15,130625,F0LVA07_01,1,07,VAGB_TCM_GPS_RIDER,IRS,False,False
2019-11-15,130627,2035-12-29,0.02549,0.0210438,0.0210438,2015-12-29,20000000,20000000,6m,30/360,3m,ACT/360,"",MF,MF,2019-11-15,130627,F0LVA26_01,1,26,VAGB_TCM_GPS_RIDER,IRS,False,False
2019-11-15,130628,2045-12-29,0.02642,0.0210438,0.0210438,2015-12-29,15000000,15000000,6m,30/360,3m,ACT/360,"",MF,MF,2019-11-15,130628,F0LVA26_01,1,26,VAGB_TCM_GPS_RIDER,IRS,False,False
2019-11-15,130629,2035-12-29,0.025537,0.0210438,0.0210438,2015-12-29,9000000,9000000,6m,30/360,3m,ACT/360,"",MF,MF,2019-11-15,130629,F0LVA10_01,1,10,VAGB_TCM_GPS_RIDER,IRS,False,False
2019-11-15,130669,2035-12-30,0.02528,0.0210438,0.0210438,2015-12-30,-8000000,-8000000,6m,30/360,3m,ACT/360,"",MF,MF,2019-11-15,130669,R05VA10_01,1,10,VAGB_TARE_GMWB,IRS,False,False
2019-11-15,130687,2020-12-30,0.01709,0.0210438,0.0210438,2015-12-30,-250000000,-250000000,6m,30/360,3m,ACT/360,"",MF,MF,2019-11-15,130687,F0LVA07_01,1,07,VAGB_TCM_GPS_RIDER,IRS,False,False
2019-11-15,131354,2031-01-13,0.022385,0.0200088,0.0200088,2016-01-13,16000000,16000000,6m,30/360,3m,ACT/360,"",MF,MF,2019-11-15,131354,R05VA10_01,1,10,VAGB_TARE_GMWB,IRS,False,False
2019-11-15,131355,2031-01-13,0.02239,0.0200088,0.0200088,2016-01-13,10000000,10000000,6m,30/360,3m,ACT/360,"",MF,MF,2019-11-15,131355,F0LVA10_01,1,10,VAGB_TCM_GPS_RIDER,IRS,False,False
2019-11-15,131356,2021-01-13,0.014865,0.0200088,0.0200088,2016-01-13,11000000,11000000,6m,30/360,3m,ACT/360,"",MF,MF,2019-11-15,131356,F0LVA26_01,1,26,VAGB_TCM_GPS_RIDER,IRS,False,False
2019-11-15,131367,2031-01-13,0.022505,0.0200088,0.0200088,2016-01-13,9000000,9000000,6m,30/360,3m,ACT/360,"",MF,MF,2019-11-15,131367,F0LVA07_01,1,07,VAGB_TCM_GPS_RIDER,IRS,False,False
2019-11-15,131809,2021-01-19,0.01433,0.0196588,0.0196588,2016-01-19,8000000,8000000,6m,30/360,3m,ACT/360,"",MF,MF,2019-11-15,131809,F0LVA07_01,1,07,VAGB_TCM_GPS_RIDER,IRS,False,False
2019-11-15,133249,2026-01-22,0.018095,0.0195325,0.0195325,2016-01-22,17000000,17000000,6m,30/360,3m,ACT/360,"",MF,MF,2019-11-15,133249,R05VA10_01,1,10,VAGB_TARE_GMWB,IRS,False,False
2019-11-15,134341,2026-02-01,0.018795,0.0190913,0.0190913,2016-02-01,16000000,16000000,6m,30/360,3m,ACT/360,"",MF,MF,2019-11-15,134341,F0LVA10_01,1,10,VAGB_TCM_GPS_RIDER,IRS,False,False
2019-11-15,134853,2041-02-03,0.02246,0.0190225,0.0190225,2016-02-03,-5000000,-5000000,6m,30/360,3m,ACT/360,"",MF,MF,2019-11-15,134853,R05VA10_01,1,10,VAGB_TARE_GMWB,IRS,False,False
2019-11-15,135018,2021-02-05,0.012005,0.018905,0.018905,2016-02-05,20000000,20000000,6m,30/360,3m,ACT/360,"",MF,MF,2019-11-15,135018,R05VA10_01,1,10,VAGB_TARE_GMWB,IRS,False,False
2019-11-15,135026,2031-02-05,0.020265,0.018905,0.018905,2016-02-05,-410000000,-410000000,6m,30/360,3m,ACT/360,"",MF,MF,2019-11-15,135026,F0LVA07_01,1,07,VAGB_TCM_GPS_RIDER,IRS,False,False
2019-11-15,135075,2031-02-08,0.0205055,0.0190425,0.0190425,2016-02-08,-177000000,-177000000,6m,30/360,3m,ACT/360,"",MF,MF,2019-11-15,135075,F0LVA10_01,1,10,VAGB_TCM_GPS_RIDER,IRS,False,False
2019-11-15,135084,2031-02-15,0.020455,0.0215813,0.0190988,2016-02-08,-60000000,-60000000,6m,30/360,3m,ACT/360,"",MF,MF,2019-11-15,135084,F0LVA10_01,1,10,VAGB_TCM_GPS_RIDER,IRS,False,False
2019-11-15,136862,2036-02-10,0.021047,0.0190063,0.0190063,2016-02-10,-46000000,-46000000,6m,30/360,3m,ACT/360,"",MF,MF,2019-11-15,136862,R05VA10_01,1,10,VAGB_TARE_GMWB,IRS,False,False
2019-11-15,137241,2026-02-11,0.016095,0.0190063,0.0190063,2016-02-11,18000000,18000000,6m,30/360,3m,ACT/360,"",MF,MF,2019-11-15,137241,F0LVA07_01,1,07,VAGB_TCM_GPS_RIDER,IRS,False,False
2019-11-15,137677,2036-02-16,0.019975,0.0216838,0.0216838,2016-02-16,-22000000,-22000000,6m,30/360,3m,ACT/360,"",MF,MF,2019-11-15,137677,F0LVA07_01,1,07,VAGB_TCM_GPS_RIDER,IRS,False,False
2019-11-15,137678,2036-02-16,0.019683,0.0216838,0.0216838,2016-02-16,-9000000,-9000000,6m,30/360,3m,ACT/360,"",MF,MF,2019-11-15,137678,F0LVA26_01,1,26,VAGB_TCM_GPS_RIDER,IRS,False,False
2019-11-15,137679,2036-02-16,0.019981,0.0216838,0.0216838,2016-02-16,-2000000,-2000000,6m,30/360,3m,ACT/360,"",MF,MF,2019-11-15,137679,F0LVA10_01,1,10,VAGB_TCM_GPS_RIDER,IRS,False,False
2019-11-15,137689,2046-02-16,0.020823,0.0216838,0.0216838,2016-02-16,-4000000,-4000000,6m,30/360,3m,ACT/360,"",MF,MF,2019-11-15,137689,F0LVA26_01,1,26,VAGB_TCM_GPS_RIDER,IRS,False,False
2019-11-15,137901,2031-02-19,0.019525,0.0212375,0.0212375,2016-02-19,-12000000,-12000000,6m,30/360,3m,ACT/360,"",MF,MF,2019-11-15,137901,R05VA10_01,1,10,VAGB_TARE_GMWB,IRS,False,False
2019-11-15,137905,2031-02-19,0.01952,0.0212375,0.0212375,2016-02-19,-7000000,-7000000,6m,30/360,3m,ACT/360,"",MF,MF,2019-11-15,137905,F0LVA07_01,1,07,VAGB_TCM_GPS_RIDER,IRS,False,False
2019-11-15,138094,2026-02-22,0.016678,0.021495,0.021495,2016-02-22,-104000000,-104000000,6m,30/360,3m,ACT/360,"",MF,MF,2019-11-15,138094,F0LVA10_01,1,10,VAGB_TCM_GPS_RIDER,IRS,False,False
2019-11-15,138678,2023-02-25,0.013625,0.0213225,0.0213225,2016-02-25,-248000000,-248000000,6m,30/360,3m,ACT/360,"",MF,MF,2019-11-15,138678,F0LVA07_01,1,07,VAGB_TCM_GPS_RIDER,IRS,False,False
2019-11-15,139103,2021-02-26,0.011045,0.0213225,0.0213225,2016-02-26,-50000000,-50000000,6m,30/360,3m,ACT/360,"",MF,MF,2019-11-15,139103,F0LVA07_01,1,07,VAGB_TCM_GPS_RIDER,IRS,False,False
2019-11-15,139350,2031-03-01,0.01853,0.0213763,0.0213763,2016-03-01,-10000000,-10000000,6m,30/360,3m,ACT/360,"",MF,MF,2019-11-15,139350,F0LVA26_01,1,26,VAGB_TCM_GPS_RIDER,IRS,False,False
2019-11-15,139351,2031-03-01,0.0185299,0.0213763,0.0213763,2016-03-01,-5000000,-5000000,6m,30/360,3m,ACT/360,"",MF,MF,2019-11-15,139351,F0LVA07_01,1,07,VAGB_TCM_GPS_RIDER,IRS,False,False
2019-11-15,139756,2046-03-03,0.021593,0.0213763,0.0213763,2016-03-03,-8000000,-8000000,6m,30/360,3m,ACT/360,"",MF,MF,2019-11-15,139756,F0LVA10_01,1,10,VAGB_TCM_GPS_RIDER,IRS,False,False
2019-11-15,139757,2046-03-03,0.02159,0.0213763,0.0213763,2016-03-03,-4000000,-4000000,6m,30/360,3m,ACT/360,"",MF,MF,2019-11-15,139757,R05VA10_01,1,10,VAGB_TARE_GMWB,IRS,False,False
2019-11-15,140127,2026-03-07,0.016788,0.0210213,0.0210213,2016-03-07,-13000000,-13000000,6m,30/360,3m,ACT/360,"",MF,MF,2019-11-15,140127,R05VA10_01,1,10,VAGB_TARE_GMWB,IRS,False,False
2019-11-15,140627,2026-03-09,0.01748,0.0210213,0.0210213,2016-03-09,-5000000,-5000000,6m,30/360,3m,ACT/360,"",MF,MF,2019-11-15,140627,F0LVA10_01,1,10,VAGB_TCM_GPS_RIDER,IRS,False,False
2019-11-15,143005,2026-03-17,0.0182635,0.0213938,0.0213938,2016-03-17,-275000000,-275000000,6m,30/360,3m,ACT/360,"",MF,MF,2019-11-15,143005,F0LVA07_01,1,07,VAGB_TCM_GPS_RIDER,IRS,False,False
2019-11-15,143006,2021-03-17,0.014145,0.0213938,0.0213938,2016-03-17,-100000000,-100000000,6m,30/360,3m,ACT/360,"",MF,MF,2019-11-15,143006,F0LVA07_01,1,07,VAGB_TCM_GPS_RIDER,IRS,False,False
2019-11-15,143425,2021-03-18,0.01444,0.0214513,0.0214513,2016-03-18,-23000000,-23000000,6m,30/360,3m,ACT/360,"",MF,MF,2019-11-15,143425,R05VA10_01,1,10,VAGB_TARE_GMWB,IRS,False,False
2019-11-15,143763,2021-03-22,0.0127551,0.0215888,0.0215888,2016-03-22,-25000000,-25000000,6m,30/360,3m,ACT/360,"",MF,MF,2019-11-15,143763,F0LVA10_01,1,10,VAGB_TCM_GPS_RIDER,IRS,False,False
2019-11-15,144031,2026-03-24,0.017803,0.0213463,0.0213463,2016-03-24,-8000000,-8000000,6m,30/360,3m,ACT/360,"",MF,MF,2019-11-15,144031,R05VA10_01,1,10,VAGB_TARE_GMWB,IRS,False,False
2019-11-15,144177,2031-03-29,0.01954,0.0210438,0.0210438,2016-03-29,3500000,3500000,6m,30/360,3m,ACT/360,"",MF,MF,2019-11-15,144177,F0LVA26_01,1,26,VAGB_TCM_GPS_RIDER,IRS,False,False
2019-11-15,148871,2021-04-20,0.011839,0.0196588,0.0196588,2016-04-20,-6000000,-6000000,6m,30/360,3m,ACT/360,"",MF,MF,2019-11-15,148871,F0LVA26_01,1,26,VAGB_TCM_GPS_RIDER,IRS,False,False
2019-11-15,148909,2023-04-21,0.01416,0.0196588,0.0196588,2016-04-21,-12000000,-12000000,6m,30/360,3m,ACT/360,"",MF,MF,2019-11-15,148909,R05VA10_01,1,10,VAGB_TARE_GMWB,IRS,False,False
2019-11-15,149173,2026-04-22,0.017153,0.0195325,0.0195325,2016-04-22,-5000000,-5000000,6m,30/360,3m,ACT/360,"",MF,MF,2019-11-15,149173,F0LVA07_01,1,07,VAGB_TCM_GPS_RIDER,IRS,False,False
2019-11-15,149783,2026-04-26,0.0175,0.0193563,0.0193563,2016-04-26,-100000000,-100000000,6m,30/360,3m,ACT/360,"",MF,MF,2019-11-15,149783,F0LVA07_01,1,07,VAGB_TCM_GPS_RIDER,IRS,False,False
2019-11-15,149809,2031-04-26,0.019995,0.0193563,0.0193563,2016-04-26,-5000000,-5000000,6m,30/360,3m,ACT/360,"",MF,MF,2019-11-15,149809,R05VA10_01,1,10,VAGB_TARE_GMWB,IRS,False,False
2019-11-15,159559,2021-07-13,0.010054,0.0200088,0.0200088,2016-07-13,-20000000,-20000000,6m,30/360,3m,ACT/360,"",MF,MF,2019-11-15,159559,F0LVA10_01,1,10,VAGB_TCM_GPS_RIDER,IRS,False,False
2019-11-15,159560,2026-07-13,0.013097,0.0200088,0.0200088,2016-07-13,-14000000,-14000000,6m,30/360,3m,ACT/360,"",MF,MF,2019-11-15,159560,R05VA10_01,1,10,VAGB_TARE_GMWB,IRS,False,False
2019-11-15,159567,2026-07-13,0.01318,0.0200088,0.0200088,2016-07-13,-125000000,-125000000,6m,30/360,3m,ACT/360,"",MF,MF,2019-11-15,159567,F0LVA07_01,1,07,VAGB_TCM_GPS_RIDER,IRS,False,False
2019-11-15,159684,2036-07-14,0.017233,0.0200088,0.0200088,2016-07-14,-10000000,-10000000,6m,30/360,3m,ACT/360,"",MF,MF,2019-11-15,159684,F0LVA10_01,1,10,VAGB_TCM_GPS_RIDER,IRS,False,False
2019-11-15,160131,2026-07-18,0.013805,0.0200325,0.0200325,2016-07-18,-4000000,-4000000,6m,30/360,3m,ACT/360,"",MF,MF,2019-11-15,160131,F0LVA07_01,1,07,VAGB_TCM_GPS_RIDER,IRS,False,False
2019-11-15,160134,2041-07-18,0.017554,0.0200325,0.0200325,2016-07-18,-5000000,-5000000,6m,30/360,3m,ACT/360,"",MF,MF,2019-11-15,160134,R05VA10_01,1,10,VAGB_TARE_GMWB,IRS,False,False
2019-11-15,160533,2021-07-20,0.011018,0.0196588,0.0196588,2016-07-20,-15000000,-15000000,6m,30/360,3m,ACT/360,"",MF,MF,2019-11-15,160533,R05VA10_01,1,10,VAGB_TARE_GMWB,IRS,False,False
2019-11-15,164082,2026-08-09,0.01474,0.0190063,0.0190063,2016-08-09,-3000000,-3000000,6m,30/360,3m,ACT/360,"",MF,MF,2019-11-15,164082,F0LVA07_01,1,07,VAGB_TCM_GPS_RIDER,IRS,False,False
2019-11-15,164092,2031-08-09,0.016615,0.0190063,0.0190063,2016-08-09,-7000000,-7000000,6m,30/360,3m,ACT/360,"",MF,MF,2019-11-15,164092,R05VA10_01,1,10,VAGB_TARE_GMWB,IRS,False,False
2019-11-15,164668,2021-08-17,0.011385,0.0212375,0.0212375,2016-08-17,-15000000,-15000000,6m,30/360,3m,ACT/360,"",MF,MF,2019-11-15,164668,R05VA10_01,1,10,VAGB_TARE_GMWB,IRS,False,False
2019-11-15,165270,2021-08-23,0.011841,0.0214763,0.0214763,2016-08-23,-10000000,-10000000,6m,30/360,3m,ACT/360,"",MF,MF,2019-11-15,165270,F0LVA26_01,1,26,VAGB_TCM_GPS_RIDER,IRS,False,False
2019-11-15,171968,2031-10-06,0.0166125,0.0204313,0.0204313,2016-10-06,-250000000,-250000000,6m,30/360,3m,ACT/360,"",MF,MF,2019-11-15,171968,F0LVA07_01,1,07,VAGB_TCM_GPS_RIDER,IRS,False,False
2019-11-15,171976,2031-10-06,0.01672,0.0204313,0.0204313,2016-10-06,-250000000,-250000000,6m,30/360,3m,ACT/360,"",MF,MF,2019-11-15,171976,F0LVA07_01,1,07,VAGB_TCM_GPS_RIDER,IRS,False,False
2019-11-15,171983,2031-10-06,0.01664,0.0204313,0.0204313,2016-10-06,-167000000,-167000000,6m,30/360,3m,ACT/360,"",MF,MF,2019-11-15,171983,F0LVA07_01,1,07,VAGB_TCM_GPS_RIDER,IRS,False,False
2019-11-15,171986,2031-10-06,0.016947,0.0204313,0.0204313,2016-10-06,-83000000,-83000000,6m,30/360,3m,ACT/360,"",MF,MF,2019-11-15,171986,F0LVA07_01,1,07,VAGB_TCM_GPS_RIDER,IRS,False,False
2019-11-15,176510,2026-11-16,0.02092,0.0216838,0.0216838,2016-11-16,-15000000,-15000000,6m,30/360,3m,ACT/360,"",MF,MF,2019-11-15,176510,R05VA10_01,1,10,VAGB_TARE_GMWB,IRS,False,False
2019-11-15,194494,2022-04-06,0.019945,0.0204313,0.0204313,2017-04-06,-205000000,-205000000,6m,30/360,3m,ACT/360,"",MF,MF,2019-11-15,194494,F0LVA07_01,1,07,VAGB_TCM_GPS_RIDER,IRS,False,False
2019-11-15,195611,2022-05-03,0.019305,0.0190225,0.0190225,2017-05-03,-200000000,-200000000,6m,30/360,3m,ACT/360,"",MF,MF,2019-11-15,195611,F0LVA07_01,1,07,VAGB_TCM_GPS_RIDER,IRS,False,False
2019-11-15,195925,2022-05-08,0.01975,0.0190425,0.0190425,2017-05-08,-10000000,-10000000,6m,30/360,3m,ACT/360,"",MF,MF,2019-11-15,195925,F0LVA10_01,1,10,VAGB_TCM_GPS_RIDER,IRS,False,False
2019-11-15,201176,2024-06-19,0.019935,0.0216413,0.0216413,2017-06-19,100000000,100000000,6m,30/360,3m,ACT/360,"",MF,MF,2019-11-15,201176,F0LVA07_01,1,07,VAGB_TCM_GPS_RIDER,IRS,False,False
2019-11-15,204081,2022-08-03,0.0188327,0.0190225,0.0190225,2017-08-03,-335000000,-335000000,6m,30/360,3m,ACT/360,"",MF,MF,2019-11-15,204081,F0LVA07_01,1,07,VAGB_TCM_GPS_RIDER,IRS,False,False
2019-11-15,204082,2024-08-03,0.02042,0.0190225,0.0190225,2017-08-03,245000000,245000000,6m,30/360,3m,ACT/360,"",MF,MF,2019-11-15,204082,F0LVA07_01,1,07,VAGB_TCM_GPS_RIDER,IRS,False,False
2019-11-15,207650,2022-09-15,0.0183993,0.021185,0.021185,2017-09-15,-35000000,-35000000,6m,30/360,3m,ACT/360,"",MF,MF,2019-11-15,207650,F0LVA10_01,1,10,VAGB_TCM_GPS_RIDER,IRS,False,False
2019-11-15,209017,2022-10-12,0.020338,0.0200088,0.0200088,2017-10-12,-175000000,-175000000,6m,30/360,3m,ACT/360,"",MF,MF,2019-11-15,209017,F0LVA07_01,1,07,VAGB_TCM_GPS_RIDER,IRS,False,False
2019-11-15,210812,2022-11-15,0.021249,0.0215813,0.0190988,2017-11-15,-125000000,-125000000,6m,30/360,3m,ACT/360,"",MF,MF,2019-11-15,210812,F0LVA07_01,1,07,VAGB_TCM_GPS_RIDER,IRS,False,False
2019-11-15,214982,2035-03-12,0.024325,0.0213163,0.0213163,2015-10-26,40000000,40000000,6m,30/360,3m,ACT/360,"",MF,MF,2019-11-15,214982,F0LVA10_01,1,10,VAGB_TCM_GPS_RIDER,IRS,False,False
2019-11-15,216116,2023-01-12,0.023933,0.0200088,0.0200088,2018-01-12,-225000000,-225000000,6m,30/360,3m,ACT/360,"",MF,MF,2019-11-15,216116,F0LVA07_01,1,07,VAGB_TCM_GPS_RIDER,IRS,False,False
2019-11-15,217258,2023-01-25,0.02493,0.0193963,0.0193963,2018-01-25,-45000000,-45000000,6m,30/360,3m,ACT/360,"",MF,MF,2019-11-15,217258,F0LVA10_01,1,10,VAGB_TCM_GPS_RIDER,IRS,False,False
2019-11-15,218237,2028-01-31,0.02727,0.0192713,0.0192713,2018-01-31,280000000,280000000,6m,30/360,3m,ACT/360,"",MF,MF,2019-11-15,218237,F0LVA07_01,1,07,VAGB_TCM_GPS_RIDER,IRS,False,False
2019-11-15,218468,2028-02-02,0.027301,0.0190225,0.0190225,2018-02-02,280000000,280000000,6m,30/360,3m,ACT/360,"",MF,MF,2019-11-15,218468,F0LVA07_01,1,07,VAGB_TCM_GPS_RIDER,IRS,False,False
2019-11-15,218578,2028-02-02,0.02752,0.0190225,0.0190225,2018-02-02,280000000,280000000,6m,30/360,3m,ACT/360,"",MF,MF,2019-11-15,218578,F0LVA07_01,1,07,VAGB_TCM_GPS_RIDER,IRS,False,False
2019-11-15,218634,2028-02-05,0.02768,0.018905,0.018905,2018-02-05,280000000,280000000,6m,30/360,3m,ACT/360,"",MF,MF,2019-11-15,218634,F0LVA07_01,1,07,VAGB_TCM_GPS_RIDER,IRS,False,False
2019-11-15,218667,2028-02-05,0.027575,0.018905,0.018905,2018-02-05,159000000,159000000,6m,30/360,3m,ACT/360,"",MF,MF,2019-11-15,218667,F0LVA07_01,1,07,VAGB_TCM_GPS_RIDER,IRS,False,False
2019-11-15,218674,2028-02-05,0.027575,0.018905,0.018905,2018-02-05,181000000,181000000,6m,30/360,3m,ACT/360,"",MF,MF,2019-11-15,218674,F0LVA10_01,1,10,VAGB_TCM_GPS_RIDER,IRS,False,False
2019-11-15,218675,2028-02-05,0.027905,0.018905,0.018905,2018-02-05,115000000,115000000,6m,30/360,3m,ACT/360,"",MF,MF,2019-11-15,218675,F0LVA07_01,1,07,VAGB_TCM_GPS_RIDER,IRS,False,False
2019-11-15,218678,2021-02-05,0.025022,0.018905,0.018905,2018-02-05,-200000000,-200000000,6m,30/360,3m,ACT/360,"",MF,MF,2019-11-15,218678,F0LVA07_01,1,07,VAGB_TCM_GPS_RIDER,IRS,False,False
2019-11-15,218957,2025-02-08,0.02683,0.0190425,0.0190425,2018-02-08,150000000,150000000,6m,30/360,3m,ACT/360,"",MF,MF,2019-11-15,218957,F0LVA07_01,1,07,VAGB_TCM_GPS_RIDER,IRS,False,False
2019-11-15,219002,2025-02-08,0.027008,0.0190425,0.0190425,2018-02-08,150000000,150000000,6m,30/360,3m,ACT/360,"",MF,MF,2019-11-15,219002,F0LVA07_01,1,07,VAGB_TCM_GPS_RIDER,IRS,False,False
2019-11-15,221973,2020-03-02,0.025433,0.0213763,0.0213763,2018-03-02,450000000,450000000,6m,30/360,3m,ACT/360,"",MF,MF,2019-11-15,221973,F0LVA07_01,1,07,VAGB_TCM_GPS_RIDER,IRS,False,False
2019-11-15,222577,2028-03-09,0.02896,0.0210213,0.0210213,2018-03-09,280000000,280000000,6m,30/360,3m,ACT/360,"",MF,MF,2019-11-15,222577,F0LVA07_01,1,07,VAGB_TCM_GPS_RIDER,IRS,False,False
2019-11-15,222628,2028-03-09,0.02899,0.0210213,0.0210213,2018-03-09,270000000,270000000,6m,30/360,3m,ACT/360,"",MF,MF,2019-11-15,222628,F0LVA07_01,1,07,VAGB_TCM_GPS_RIDER,IRS,False,False
2019-11-15,223750,2025-03-19,0.028003,0.0216413,0.0216413,2018-03-19,80000000,80000000,6m,30/360,3m,ACT/360,"",MF,MF,2019-11-15,223750,F0LVA07_01,1,07,VAGB_TCM_GPS_RIDER,IRS,False,False
2019-11-15,223751,2023-03-19,0.027565,0.0216413,0.0216413,2018-03-19,-109200000,-109200000,6m,30/360,3m,ACT/360,"",MF,MF,2019-11-15,223751,F0LVA07_01,1,07,VAGB_TCM_GPS_RIDER,IRS,False,False
2019-11-15,225312,2025-04-03,0.027273,0.0208863,0.0208863,2018-04-03,140000000,140000000,6m,30/360,3m,ACT/360,"",MF,MF,2019-11-15,225312,F0LVA07_01,1,07,VAGB_TCM_GPS_RIDER,IRS,False,False
2019-11-15,226205,2021-04-10,0.026966,0.020095,0.020095,2018-04-10,-325000000,-325000000,6m,30/360,3m,ACT/360,"",MF,MF,2019-11-15,226205,F0LVA07_01,1,07,VAGB_TCM_GPS_RIDER,IRS,False,False
2019-11-15,227158,2023-04-23,0.0287639,0.01934,0.01934,2018-04-23,-125000000,-125000000,6m,30/360,3m,ACT/360,"",MF,MF,2019-11-15,227158,F0LVA07_01,1,07,VAGB_TCM_GPS_RIDER,IRS,False,False
2019-11-15,227159,2028-04-23,0.0294296,0.01934,0.01934,2018-04-23,-12000000,-12000000,6m,30/360,3m,ACT/360,"",MF,MF,2019-11-15,227159,F0LVA10_01,1,10,VAGB_TCM_GPS_RIDER,IRS,False,False
2019-11-15,227192,2028-04-24,0.029952,0.01936,0.01936,2018-04-24,-50000000,-50000000,6m,30/360,3m,ACT/360,"",MF,MF,2019-11-15,227192,F0LVA07_01,1,07,VAGB_TCM_GPS_RIDER,IRS,False,False
2019-11-15,227725,2036-02-15,0.030536,0.0215813,0.0190988,2018-05-04,140000000,140000000,6m,30/360,3m,ACT/360,"",MF,MF,2019-11-15,227725,F0LVA07_01,1,07,VAGB_TCM_GPS_RIDER,IRS,False,False
2019-11-15,227846,2036-02-15,0.03027,0.0215813,0.0190988,2018-05-09,175000000,175000000,6m,30/360,3m,ACT/360,"",MF,MF,2019-11-15,227846,F0LVA07_01,1,07,VAGB_TCM_GPS_RIDER,IRS,False,False
2019-11-15,227892,2028-05-09,0.029905,0.0190063,0.0190063,2018-05-09,-40000000,-40000000,6m,30/360,3m,ACT/360,"",MF,MF,2019-11-15,227892,F0LVA07_01,1,07,VAGB_TCM_GPS_RIDER,IRS,False,False
2019-11-15,228250,2036-02-15,0.030565,0.0215813,0.0190988,2018-05-14,180000000,180000000,6m,30/360,3m,ACT/360,"",MF,MF,2019-11-15,228250,F0LVA07_01,1,07,VAGB_TCM_GPS_RIDER,IRS,False,False
2019-11-15,228268,2036-02-15,0.03062,0.0215813,0.0190988,2018-05-14,180000000,180000000,6m,30/360,3m,ACT/360,"",MF,MF,2019-11-15,228268,F0LVA07_01,1,07,VAGB_TCM_GPS_RIDER,IRS,False,False
2019-11-15,228528,2028-05-18,0.03116,0.0212375,0.0212375,2018-05-18,-235000000,-235000000,6m,30/360,3m,ACT/360,"",MF,MF,2019-11-15,228528,F0LVA07_01,1,07,VAGB_TCM_GPS_RIDER,IRS,False,False
2019-11-15,228631,2036-02-15,0.03154,0.0215813,0.0190988,2018-05-22,175000000,175000000,6m,30/360,3m,ACT/360,"",MF,MF,2019-11-15,228631,F0LVA07_01,1,07,VAGB_TCM_GPS_RIDER,IRS,False,False
2019-11-15,229375,2036-02-15,0.0297343,0.0215813,0.0190988,2018-09-28,360000000,360000000,6m,30/360,3m,ACT/360,"",MF,MF,2019-11-15,229375,F0LVA07_01,1,07,VAGB_TCM_GPS_RIDER,IRS,False,False
2019-11-15,230018,2028-06-06,0.02981,0.0211238,0.0211238,2018-06-06,-20000000,-20000000,6m,30/360,3m,ACT/360,"",MF,MF,2019-11-15,230018,F0LVA10_01,1,10,VAGB_TCM_GPS_RIDER,IRS,False,False
2019-11-15,230287,2028-06-12,0.0298716,0.0213163,0.0213163,2018-06-12,110000000,110000000,6m,30/360,3m,ACT/360,"",MF,MF,2019-11-15,230287,F0LVA07_01,1,07,VAGB_TCM_GPS_RIDER,IRS,False,False
2019-11-15,233199,2028-07-03,0.029105,0.0208863,0.0208863,2018-07-03,-12000000,-12000000,6m,30/360,3m,ACT/360,"",MF,MF,2019-11-15,233199,F0LVA10_01,1,10,VAGB_TCM_GPS_RIDER,IRS,False,False
2019-11-15,233553,2021-07-11,0.028744,0.0198425,0.0198425,2018-07-11,-250000000,-250000000,6m,30/360,3m,ACT/360,"",MF,MF,2019-11-15,233553,F0LVA07_01,1,07,VAGB_TCM_GPS_RIDER,IRS,False,False
2019-11-15,234381,2028-07-25,0.029654,0.0193963,0.0193963,2018-07-25,-80000000,-80000000,6m,30/360,3m,ACT/360,"",MF,MF,2019-11-15,234381,F0LVA07_01,1,07,VAGB_TCM_GPS_RIDER,IRS,False,False
2019-11-15,234513,2028-07-26,0.030105,0.0193563,0.0193563,2018-07-26,-150000000,-150000000,6m,30/360,3m,ACT/360,"",MF,MF,2019-11-15,234513,F0LVA07_01,1,07,VAGB_TCM_GPS_RIDER,IRS,False,False
2019-11-15,234523,2025-07-26,0.02984,0.0193563,0.0193563,2018-07-26,-15000000,-15000000,6m,30/360,3m,ACT/360,"",MF,MF,2019-11-15,234523,R05VA10_01,1,10,VAGB_TARE_GMWB,IRS,False,False
2019-11-15,237565,2038-09-07,0.030235,0.0210213,0.0210213,2018-09-07,-25000000,-25000000,6m,30/360,3m,ACT/360,"",MF,MF,2019-11-15,237565,F0LVA07_01,1,07,VAGB_TCM_GPS_RIDER,IRS,False,False
2019-11-15,237760,2038-09-12,0.0304134,0.0213163,0.0213163,2018-09-12,-20000000,-20000000,6m,30/360,3m,ACT/360,"",MF,MF,2019-11-15,237760,F0LVA07_01,1,07,VAGB_TCM_GPS_RIDER,IRS,False,False
2019-11-15,238549,2028-09-20,0.0309021,0.0215588,0.0215588,2018-09-20,-20000000,-20000000,6m,30/360,3m,ACT/360,"",MF,MF,2019-11-15,238549,F0LVA10_01,1,10,VAGB_TCM_GPS_RIDER,IRS,False,False
2019-11-15,238572,2038-09-20,0.031429,0.0215588,0.0215588,2018-09-20,-50000000,-50000000,6m,30/360,3m,ACT/360,"",MF,MF,2019-11-15,238572,F0LVA07_01,1,07,VAGB_TCM_GPS_RIDER,IRS,False,False
2019-11-15,238643,2036-02-15,0.03049,0.0215813,0.0190988,2018-08-15,105000000,105000000,6m,30/360,3m,ACT/360,"",MF,MF,2019-11-15,238643,F0LVA07_01,1,07,VAGB_TCM_GPS_RIDER,IRS,False,False
2019-11-15,238644,2038-09-21,0.0318,0.0215888,0.0215888,2018-09-21,-50000000,-50000000,6m,30/360,3m,ACT/360,"",MF,MF,2019-11-15,238644,F0LVA07_01,1,07,VAGB_TCM_GPS_RIDER,IRS,False,False
2019-11-15,238724,2028-09-24,0.03131,0.0213463,0.0213463,2018-09-24,-15000000,-15000000,6m,30/360,3m,ACT/360,"",MF,MF,2019-11-15,238724,R05VA10_01,1,10,VAGB_TARE_GMWB,IRS,False,False
2019-11-15,238730,2023-09-24,0.030775,0.0213463,0.0213463,2018-09-24,13000000,13000000,6m,30/360,3m,ACT/360,"",MF,MF,2019-11-15,238730,R05VA10_01,1,10,VAGB_TARE_GMWB,IRS,False,False
2019-11-15,238741,2023-09-24,0.030748,0.0213463,0.0213463,2018-09-24,-25000000,-25000000,6m,30/360,3m,ACT/360,"",MF,MF,2019-11-15,238741,F0LVA10_01,1,10,VAGB_TCM_GPS_RIDER,IRS,False,False
2019-11-15,239652,2025-10-09,0.031958,0.02012,0.02012,2018-10-09,-25000000,-25000000,6m,30/360,3m,ACT/360,"",MF,MF,2019-11-15,239652,F0LVA10_01,1,10,VAGB_TCM_GPS_RIDER,IRS,False,False
2019-11-15,240391,2036-02-15,0.03294,0.0215813,0.0190988,2018-12-31,153000000,153000000,6m,30/360,3m,ACT/360,"",MF,MF,2019-11-15,240391,F0LVA07_01,1,07,VAGB_TCM_GPS_RIDER,IRS,False,False
2019-11-15,240515,2025-10-19,0.03178,0.0196588,0.0196588,2018-10-19,-5000000,-5000000,6m,30/360,3m,ACT/360,"",MF,MF,2019-11-15,240515,F0LVA26_01,1,26,VAGB_TCM_GPS_RIDER,IRS,False,False
2019-11-15,241210,2028-10-31,0.0313525,0.0192713,0.0192713,2018-10-31,5000000,5000000,6m,30/360,3m,ACT/360,"",MF,MF,2019-11-15,241210,F0LVA26_01,1,26,VAGB_TCM_GPS_RIDER,IRS,False,False
2019-11-15,241211,2028-10-31,0.031484,0.0192713,0.0192713,2018-10-31,90000000,90000000,6m,30/360,3m,ACT/360,"",MF,MF,2019-11-15,241211,F0LVA07_01,1,07,VAGB_TCM_GPS_RIDER,IRS,False,False
2019-11-15,242540,2025-11-05,0.031515,0.018905,0.018905,2018-11-05,-7500000,-7500000,6m,30/360,3m,ACT/360,"",MF,MF,2019-11-15,242540,F0LVA26_01,1,26,VAGB_TCM_GPS_RIDER,IRS,False,False
2019-11-15,242699,2025-11-07,0.0319124,0.018935,0.018935,2018-11-07,-20000000,-20000000,6m,30/360,3m,ACT/360,"",MF,MF,2019-11-15,242699,F0LVA07_01,1,07,VAGB_TCM_GPS_RIDER,IRS,False,False
2019-11-15,243006,2023-11-13,0.032048,0.0190463,0.0190463,2018-11-13,-100000000,-100000000,6m,30/360,3m,ACT/360,"",MF,MF,2019-11-15,243006,F0LVA07_01,1,07,VAGB_TCM_GPS_RIDER,IRS,False,False
2019-11-15,243007,2025-11-13,0.0323072,0.0190463,0.0190463,2018-11-13,-5000000,-5000000,6m,30/360,3m,ACT/360,"",MF,MF,2019-11-15,243007,F0LVA26_01,1,26,VAGB_TCM_GPS_RIDER,IRS,False,False
2019-11-15,243287,2036-02-15,0.0327859,0.0215813,0.0190988,2018-12-31,148000000,148000000,6m,30/360,3m,ACT/360,"",MF,MF,2019-11-15,243287,F0LVA07_01,1,07,VAGB_TCM_GPS_RIDER,IRS,False,False
2019-11-15,243310,2028-11-16,0.03174,0.0216838,0.0216838,2018-11-16,60000000,60000000,6m,30/360,3m,ACT/360,"",MF,MF,2019-11-15,243310,F0LVA07_01,1,07,VAGB_TCM_GPS_RIDER,IRS,False,False
2019-11-15,243388,2028-11-19,0.031745,0.0212375,0.0212375,2018-11-19,5000000,5000000,6m,30/360,3m,ACT/360,"",MF,MF,2019-11-15,243388,F0LVA26_01,1,26,VAGB_TCM_GPS_RIDER,IRS,False,False
2019-11-15,243734,2028-11-23,0.03228,0.01569845,0.01594944,2023-11-23,100000000,100000000,6m,30/360,3m,ACT/360,"",MF,MF,2019-11-15,243734,F0LVA07_01,1,07,VAGB_TCM_GPS_RIDER,IRS,False,False
2019-11-15,243775,2019-11-23,0.028873,0.0214763,0.0214763,2018-11-23,500000000,500000000,6m,30/360,3m,ACT/360,"",MF,MF,2019-11-15,243775,F0LVA07_01,1,07,VAGB_TCM_GPS_RIDER,IRS,False,False
2019-11-15,243776,2019-11-23,0.02881,0.0214763,0.0214763,2018-11-23,250000000,250000000,6m,30/360,3m,ACT/360,"",MF,MF,2019-11-15,243776,F0LVA07_01,1,07,VAGB_TCM_GPS_RIDER,IRS,False,False
2019-11-15,243924,2023-11-23,0.030434,0.0214763,0.0214763,2018-11-23,200000000,200000000,6m,30/360,3m,ACT/360,"",MF,MF,2019-11-15,243924,F0LVA07_01,1,07,VAGB_TCM_GPS_RIDER,IRS,False,False
2019-11-15,243925,2023-11-23,0.03039,0.0214763,0.0214763,2018-11-23,3000000,3000000,6m,30/360,3m,ACT/360,"",MF,MF,2019-11-15,243925,F0LVA07_01,1,07,VAGB_TCM_GPS_RIDER,IRS,False,False
2019-11-15,244025,2028-11-27,0.03212,0.01570059,0.01594771,2023-11-27,10000000,10000000,6m,30/360,3m,ACT/360,"",MF,MF,2019-11-15,244025,R05VA10_01,1,10,VAGB_TARE_GMWB,IRS,False,False
2019-11-15,244737,2036-02-15,0.031937,0.0215813,0.0190988,2018-12-31,-200000000,-200000000,6m,30/360,3m,ACT/360,"",MF,MF,2019-11-15,244737,F0LVA07_01,1,07,VAGB_TCM_GPS_RIDER,IRS,False,False
2019-11-15,244839,2036-02-15,0.0316114,0.0215813,0.0190988,2019-03-29,-200000000,-200000000,6m,30/360,3m,ACT/360,"",MF,MF,2019-11-15,244839,F0LVA07_01,1,07,VAGB_TCM_GPS_RIDER,IRS,False,False
2019-11-15,244853,2036-02-15,0.0316963,0.0215813,0.0190988,2019-03-29,-175000000,-175000000,6m,30/360,3m,ACT/360,"",MF,MF,2019-11-15,244853,F0LVA07_01,1,07,VAGB_TCM_GPS_RIDER,IRS,False,False
2019-11-15,246010,2036-02-15,0.0305432,0.0215813,0.0190988,2019-03-29,175000000,175000000,6m,30/360,3m,ACT/360,"",MF,MF,2019-11-15,246010,F0LVA07_01,1,07,VAGB_TCM_GPS_RIDER,IRS,False,False
2019-11-15,246039,2036-02-15,0.0305382,0.0215813,0.0190988,2019-03-29,175000000,175000000,6m,30/360,3m,ACT/360,"",MF,MF,2019-11-15,246039,F0LVA07_01,1,07,VAGB_TCM_GPS_RIDER,IRS,False,False
2019-11-15,246367,2038-12-10,0.030145,0.0213413,0.0213413,2018-12-10,50000000,50000000,6m,30/360,3m,ACT/360,"",MF,MF,2019-11-15,246367,F0LVA07_01,1,07,VAGB_TCM_GPS_RIDER,IRS,False,False
2019-11-15,246379,2038-12-10,0.03007,0.0213413,0.0213413,2018-12-10,50000000,50000000,6m,30/360,3m,ACT/360,"",MF,MF,2019-11-15,246379,F0LVA07_01,1,07,VAGB_TCM_GPS_RIDER,IRS,False,False
2019-11-15,246428,2025-12-10,0.029015,0.0213413,0.0213413,2018-12-10,50000000,50000000,6m,30/360,3m,ACT/360,"",MF,MF,2019-11-15,246428,F0LVA07_01,1,07,VAGB_TCM_GPS_RIDER,IRS,False,False
2019-11-15,246436,2038-12-10,0.030517,0.0213413,0.0213413,2018-12-10,25000000,25000000,6m,30/360,3m,ACT/360,"",MF,MF,2019-11-15,246436,F0LVA07_01,1,07,VAGB_TCM_GPS_RIDER,IRS,False,False
2019-11-15,246441,2038-12-10,0.03048,0.0213413,0.0213413,2018-12-10,25000000,25000000,6m,30/360,3m,ACT/360,"",MF,MF,2019-11-15,246441,F0LVA07_01,1,07,VAGB_TCM_GPS_RIDER,IRS,False,False
2019-11-15,246615,2028-12-11,0.0294211,0.0213838,0.0213838,2018-12-11,10000000,10000000,6m,30/360,3m,ACT/360,"",MF,MF,2019-11-15,246615,R05VA10_01,1,10,VAGB_TARE_GMWB,IRS,False,False
2019-11-15,246635,2038-12-11,0.030265,0.0213838,0.0213838,2018-12-11,20000000,20000000,6m,30/360,3m,ACT/360,"",MF,MF,2019-11-15,246635,F0LVA07_01,1,07,VAGB_TCM_GPS_RIDER,IRS,False,False
2019-11-15,246668,2038-12-11,0.030082,0.0213838,0.0213838,2018-12-11,20000000,20000000,6m,30/360,3m,ACT/360,"",MF,MF,2019-11-15,246668,F0LVA07_01,1,07,VAGB_TCM_GPS_RIDER,IRS,False,False
2019-11-15,246701,2028-12-12,0.0288781,0.0213163,0.0213163,2018-12-12,5000000,5000000,6m,30/360,3m,ACT/360,"",MF,MF,2019-11-15,246701,F0LVA07_01,1,07,VAGB_TCM_GPS_RIDER,IRS,False,False
2019-11-15,246703,2028-12-12,0.028789,0.0213163,0.0213163,2018-12-12,20000000,20000000,6m,30/360,3m,ACT/360,"",MF,MF,2019-11-15,246703,F0LVA10_01,1,10,VAGB_TCM_GPS_RIDER,IRS,False,False
2019-11-15,246711,2028-12-12,0.028983,0.0213163,0.0213163,2018-12-12,20000000,20000000,6m,30/360,3m,ACT/360,"",MF,MF,2019-11-15,246711,F0LVA10_01,1,10,VAGB_TCM_GPS_RIDER,IRS,False,False
2019-11-15,246712,2028-12-12,0.0289159,0.0213163,0.0213163,2018-12-12,5000000,5000000,6m,30/360,3m,ACT/360,"",MF,MF,2019-11-15,246712,F0LVA26_01,1,26,VAGB_TCM_GPS_RIDER,IRS,False,False
2019-11-15,246714,2038-12-12,0.029803,0.0213163,0.0213163,2018-12-12,25000000,25000000,6m,30/360,3m,ACT/360,"",MF,MF,2019-11-15,246714,F0LVA07_01,1,07,VAGB_TCM_GPS_RIDER,IRS,False,False
2019-11-15,246715,2038-12-12,0.029746,0.0213163,0.0213163,2018-12-12,25000000,25000000,6m,30/360,3m,ACT/360,"",MF,MF,2019-11-15,246715,F0LVA07_01,1,07,VAGB_TCM_GPS_RIDER,IRS,False,False
2019-11-15,246733,2038-12-12,0.029707,0.0213163,0.0213163,2018-12-12,25000000,25000000,6m,30/360,3m,ACT/360,"",MF,MF,2019-11-15,246733,F0LVA07_01,1,07,VAGB_TCM_GPS_RIDER,IRS,False,False
2019-11-15,246734,2028-12-12,0.0288023,0.0213163,0.0213163,2018-12-12,50000000,50000000,6m,30/360,3m,ACT/360,"",MF,MF,2019-11-15,246734,F0LVA07_01,1,07,VAGB_TCM_GPS_RIDER,IRS,False,False
2019-11-15,246844,2020-12-13,0.028799,0.0212725,0.0212725,2018-12-13,50000000,50000000,6m,30/360,3m,ACT/360,"",MF,MF,2019-11-15,246844,F0LVA07_01,1,07,VAGB_TCM_GPS_RIDER,IRS,False,False
2019-11-15,246860,2038-12-13,0.029995,0.0212725,0.0212725,2018-12-13,25000000,25000000,6m,30/360,3m,ACT/360,"",MF,MF,2019-11-15,246860,F0LVA07_01,1,07,VAGB_TCM_GPS_RIDER,IRS,False,False
2019-11-15,247024,2038-12-14,0.0301961,0.021185,0.021185,2018-12-14,30000000,30000000,6m,30/360,3m,ACT/360,"",MF,MF,2019-11-15,247024,F0LVA07_01,1,07,VAGB_TCM_GPS_RIDER,IRS,False,False
2019-11-15,247025,2038-12-14,0.0302223,0.021185,0.021185,2018-12-14,30000000,30000000,6m,30/360,3m,ACT/360,"",MF,MF,2019-11-15,247025,F0LVA07_01,1,07,VAGB_TCM_GPS_RIDER,IRS,False,False
2019-11-15,247040,2033-12-14,0.030845,0.01571286,0.01591045,2023-12-14,75000000,75000000,6m,30/360,3m,ACT/360,"",MF,MF,2019-11-15,247040,F0LVA07_01,1,07,VAGB_TCM_GPS_RIDER,IRS,False,False
2019-11-15,247049,2023-12-14,0.0287622,0.021185,0.021185,2018-12-14,5000000,5000000,6m,30/360,3m,ACT/360,"",MF,MF,2019-11-15,247049,F0LVA26_01,1,26,VAGB_TCM_GPS_RIDER,IRS,False,False
2019-11-15,247367,2028-12-18,0.029215,0.0214513,0.0214513,2018-12-18,25000000,25000000,6m,30/360,3m,ACT/360,"",MF,MF,2019-11-15,247367,F0LVA07_01,1,07,VAGB_TCM_GPS_RIDER,IRS,False,False
2019-11-15,247368,2028-12-18,0.0292057,0.0214513,0.0214513,2018-12-18,50000000,50000000,6m,30/360,3m,ACT/360,"",MF,MF,2019-11-15,247368,F0LVA07_01,1,07,VAGB_TCM_GPS_RIDER,IRS,False,False
2019-11-15,247379,2023-12-18,0.028328,0.0214513,0.0214513,2018-12-18,35000000,35000000,6m,30/360,3m,ACT/360,"",MF,MF,2019-11-15,247379,F0LVA07_01,1,07,VAGB_TCM_GPS_RIDER,IRS,False,False
2019-11-15,247558,2020-12-19,0.0285328,0.0216413,0.0216413,2018-12-19,100000000,100000000,6m,30/360,3m,ACT/360,"",MF,MF,2019-11-15,247558,F0LVA07_01,1,07,VAGB_TCM_GPS_RIDER,IRS,False,False
2019-11-15,247561,2028-12-19,0.0291425,0.0216413,0.0216413,2018-12-19,25000000,25000000,6m,30/360,3m,ACT/360,"",MF,MF,2019-11-15,247561,F0LVA07_01,1,07,VAGB_TCM_GPS_RIDER,IRS,False,False
2019-11-15,247563,2028-12-19,0.0289651,0.0216413,0.0216413,2018-12-19,10000000,10000000,6m,30/360,3m,ACT/360,"",MF,MF,2019-11-15,247563,F0LVA26_01,1,26,VAGB_TCM_GPS_RIDER,IRS,False,False
2019-11-15,247587,2020-12-19,0.02836,0.0216413,0.0216413,2018-12-19,100000000,100000000,6m,30/360,3m,ACT/360,"",MF,MF,2019-11-15,247587,F0LVA07_01,1,07,VAGB_TCM_GPS_RIDER,IRS,False,False
2019-11-15,247598,2020-12-19,0.0283478,0.0216413,0.0216413,2018-12-19,50000000,50000000,6m,30/360,3m,ACT/360,"",MF,MF,2019-11-15,247598,F0LVA07_01,1,07,VAGB_TCM_GPS_RIDER,IRS,False,False
2019-11-15,247936,2028-12-21,0.0283065,0.0215888,0.0215888,2018-12-21,35000000,35000000,6m,30/360,3m,ACT/360,"",MF,MF,2019-11-15,247936,F0LVA07_01,1,07,VAGB_TCM_GPS_RIDER,IRS,False,False
2019-11-15,247938,2028-12-21,0.027739,0.0215888,0.0215888,2018-12-21,5000000,5000000,6m,30/360,3m,ACT/360,"",MF,MF,2019-11-15,247938,R05VA10_01,1,10,VAGB_TARE_GMWB,IRS,False,False
2019-11-15,248010,2038-12-24,0.028758,0.0213463,0.0213463,2018-12-24,50000000,50000000,6m,30/360,3m,ACT/360,"",MF,MF,2019-11-15,248010,F0LVA07_01,1,07,VAGB_TCM_GPS_RIDER,IRS,False,False
2019-11-15,248309,2020-12-27,0.02806,0.0209963,0.0209963,2018-12-27,10000000,10000000,6m,30/360,3m,ACT/360,"",MF,MF,2019-11-15,248309,F0LVA26_01,1,26,VAGB_TCM_GPS_RIDER,IRS,False,False
2019-11-15,248310,2020-12-27,0.028019,0.0209963,0.0209963,2018-12-27,10000000,10000000,6m,30/360,3m,ACT/360,"",MF,MF,2019-11-15,248310,R05VA10_01,1,10,VAGB_TARE_GMWB,IRS,False,False
2019-11-15,248311,2028-12-27,0.028317,0.0209963,0.0209963,2018-12-27,75000000,75000000,6m,30/360,3m,ACT/360,"",MF,MF,2019-11-15,248311,F0LVA07_01,1,07,VAGB_TCM_GPS_RIDER,IRS,False,False
2019-11-15,248341,2020-06-27,0.028226,0.0209963,0.0209963,2018-12-27,300000000,300000000,6m,30/360,3m,ACT/360,"",MF,MF,2019-11-15,248341,F0LVA07_01,1,07,VAGB_TCM_GPS_RIDER,IRS,False,False
2019-11-15,248476,2023-12-28,0.02714,0.0210438,0.0210438,2018-12-28,20000000,20000000,6m,30/360,3m,ACT/360,"",MF,MF,2019-11-15,248476,R05VA10_01,1,10,VAGB_TARE_GMWB,IRS,False,False
2019-11-15,248772,2021-01-02,0.026799,0.0208513,0.0208513,2019-01-02,-200000000,-200000000,6m,30/360,3m,ACT/360,"",MF,MF,2019-11-15,248772,F0LVA07_01,1,07,VAGB_TCM_GPS_RIDER,IRS,False,False
2019-11-15,249285,2036-02-15,0.0276921,0.0215813,0.0190988,2019-03-29,214500000,214500000,6m,30/360,3m,ACT/360,"",MF,MF,2019-11-15,249285,F0LVA07_01,1,07,VAGB_TCM_GPS_RIDER,IRS,False,False
2019-11-15,249313,2036-02-15,0.0280203,0.0215813,0.0190988,2019-03-29,143000000,143000000,6m,30/360,3m,ACT/360,"",MF,MF,2019-11-15,249313,F0LVA07_01,1,07,VAGB_TCM_GPS_RIDER,IRS,False,False
2019-11-15,249643,2039-04-11,0.028605,0.0198425,0.0198425,2019-04-11,-129000000,-129000000,6m,30/360,3m,ACT/360,"",MF,MF,2019-11-15,249643,F0LVA07_01,1,07,VAGB_TCM_GPS_RIDER,IRS,False,False
2019-11-15,249646,2039-04-11,0.028533,0.0198425,0.0198425,2019-04-11,-129000000,-129000000,6m,30/360,3m,ACT/360,"",MF,MF,2019-11-15,249646,F0LVA07_01,1,07,VAGB_TCM_GPS_RIDER,IRS,False,False
2019-11-15,249835,2039-04-11,0.028458,0.0198425,0.0198425,2019-04-11,-161000000,-161000000,6m,30/360,3m,ACT/360,"",MF,MF,2019-11-15,249835,F0LVA07_01,1,07,VAGB_TCM_GPS_RIDER,IRS,False,False
2019-11-15,249836,2039-04-11,0.028458,0.0198425,0.0198425,2019-04-11,-161000000,-161000000,6m,30/360,3m,ACT/360,"",MF,MF,2019-11-15,249836,F0LVA07_01,1,07,VAGB_TCM_GPS_RIDER,IRS,False,False
2019-11-15,249990,2036-02-15,0.0284522,0.0215813,0.0190988,2019-03-29,146300000,146300000,6m,30/360,3m,ACT/360,"",MF,MF,2019-11-15,249990,F0LVA07_01,1,07,VAGB_TCM_GPS_RIDER,IRS,False,False
2019-11-15,250414,2039-04-11,0.02883,0.0198425,0.0198425,2019-04-11,-128000000,-128000000,6m,30/360,3m,ACT/360,"",MF,MF,2019-11-15,250414,F0LVA07_01,1,07,VAGB_TCM_GPS_RIDER,IRS,False,False
2019-11-15,250415,2039-04-11,0.02882,0.0198425,0.0198425,2019-04-11,-64000000,-64000000,6m,30/360,3m,ACT/360,"",MF,MF,2019-11-15,250415,F0LVA07_01,1,07,VAGB_TCM_GPS_RIDER,IRS,False,False
2019-11-15,250921,2039-04-30,0.028802,0.019355,0.019355,2019-04-30,-129000000,-129000000,6m,30/360,3m,ACT/360,"",MF,MF,2019-11-15,250921,F0LVA07_01,1,07,VAGB_TCM_GPS_RIDER,IRS,False,False
2019-11-15,250922,2039-04-30,0.028845,0.0192713,0.0192713,2019-04-30,-64750000,-64750000,6m,30/360,3m,ACT/360,"",MF,MF,2019-11-15,250922,F0LVA07_01,1,07,VAGB_TCM_GPS_RIDER,IRS,False,False
2019-11-15,251794,2028-08-15,0.0271666,0.0215813,0.0190988,2019-03-29,-240000000,-240000000,6m,30/360,3m,ACT/360,"",MF,MF,2019-11-15,251794,F0LVA07_01,1,07,VAGB_TCM_GPS_RIDER,IRS,False,False
2019-11-15,251809,2028-08-15,0.0271572,0.0215813,0.0190988,2019-03-29,-120000000,-120000000,6m,30/360,3m,ACT/360,"",MF,MF,2019-11-15,251809,F0LVA07_01,1,07,VAGB_TCM_GPS_RIDER,IRS,False,False
2019-11-15,251810,2024-02-07,0.026072,0.018935,0.018935,2019-02-07,-10000000,-10000000,6m,30/360,3m,ACT/360,"",MF,MF,2019-11-15,251810,F0LVA26_01,1,26,VAGB_TCM_GPS_RIDER,IRS,False,False
2019-11-15,251811,2024-02-07,0.026072,0.018935,0.018935,2019-02-07,-200000000,-200000000,6m,30/360,3m,ACT/360,"",MF,MF,2019-11-15,251811,F0LVA07_01,1,07,VAGB_TCM_GPS_RIDER,IRS,False,False
2019-11-15,252064,2024-02-08,0.025924,0.0190425,0.0190425,2019-02-08,-50000000,-50000000,6m,30/360,3m,ACT/360,"",MF,MF,2019-11-15,252064,F0LVA07_01,1,07,VAGB_TCM_GPS_RIDER,IRS,False,False
2019-11-15,252065,2024-02-08,0.02594,0.0190425,0.0190425,2019-02-08,-5000000,-5000000,6m,30/360,3m,ACT/360,"",MF,MF,2019-11-15,252065,F0LVA07_01,1,07,VAGB_TCM_GPS_RIDER,IRS,False,False
2019-11-15,252204,2034-02-12,0.027516,0.0190063,0.0190063,2019-02-12,25000000,25000000,6m,30/360,3m,ACT/360,"",MF,MF,2019-11-15,252204,F0LVA07_01,1,07,VAGB_TCM_GPS_RIDER,IRS,False,False
2019-11-15,252205,2034-02-12,0.0275795,0.0190063,0.0190063,2019-02-12,25000000,25000000,6m,30/360,3m,ACT/360,"",MF,MF,2019-11-15,252205,F0LVA07_01,1,07,VAGB_TCM_GPS_RIDER,IRS,False,False
2019-11-15,252209,2034-02-12,0.027519,0.0190063,0.0190063,2019-02-12,25000000,25000000,6m,30/360,3m,ACT/360,"",MF,MF,2019-11-15,252209,F0LVA07_01,1,07,VAGB_TCM_GPS_RIDER,IRS,False,False
2019-11-15,252324,2024-02-14,0.0257659,0.0190925,0.0190925,2019-02-14,-100000000,-100000000,6m,30/360,3m,ACT/360,"",MF,MF,2019-11-15,252324,F0LVA07_01,1,07,VAGB_TCM_GPS_RIDER,IRS,False,False
2019-11-15,252325,2034-02-14,0.028033,0.0190925,0.0190925,2019-02-14,25000000,25000000,6m,30/360,3m,ACT/360,"",MF,MF,2019-11-15,252325,F0LVA07_01,1,07,VAGB_TCM_GPS_RIDER,IRS,False,False
2019-11-15,252329,2024-02-14,0.025785,0.0190925,0.0190925,2019-02-14,-25000000,-25000000,6m,30/360,3m,ACT/360,"",MF,MF,2019-11-15,252329,F0LVA07_01,1,07,VAGB_TCM_GPS_RIDER,IRS,False,False
2019-11-15,252330,2034-02-14,0.027995,0.0190925,0.0190925,2019-02-14,25000000,25000000,6m,30/360,3m,ACT/360,"",MF,MF,2019-11-15,252330,F0LVA07_01,1,07,VAGB_TCM_GPS_RIDER,IRS,False,False
2019-11-15,252335,2024-02-14,0.025778,0.0190925,0.0190925,2019-02-14,-125000000,-125000000,6m,30/360,3m,ACT/360,"",MF,MF,2019-11-15,252335,F0LVA07_01,1,07,VAGB_TCM_GPS_RIDER,IRS,False,False
2019-11-15,252502,2024-02-15,0.0260277,0.0215813,0.0190988,2019-02-15,-10000000,-10000000,6m,30/360,3m,ACT/360,"",MF,MF,2019-11-15,252502,R05VA10_01,1,10,VAGB_TARE_GMWB,IRS,False,False
2019-11-15,252606,2024-02-19,0.025651,0.0212375,0.0212375,2019-02-19,-125000000,-125000000,6m,30/360,3m,ACT/360,"",MF,MF,2019-11-15,252606,F0LVA07_01,1,07,VAGB_TCM_GPS_RIDER,IRS,False,False
2019-11-15,252607,2024-02-19,0.025647,0.0212375,0.0212375,2019-02-19,-25000000,-25000000,6m,30/360,3m,ACT/360,"",MF,MF,2019-11-15,252607,F0LVA10_01,1,10,VAGB_TCM_GPS_RIDER,IRS,False,False
2019-11-15,252861,2024-02-21,0.025466,0.021515,0.021515,2019-02-21,-15000000,-15000000,6m,30/360,3m,ACT/360,"",MF,MF,2019-11-15,252861,F0LVA07_01,1,07,VAGB_TCM_GPS_RIDER,IRS,False,False
2019-11-15,253262,2036-02-15,0.0278727,0.0215813,0.0190988,2019-06-28,-148000000,-148000000,6m,30/360,3m,ACT/360,"",MF,MF,2019-11-15,253262,F0LVA07_01,1,07,VAGB_TCM_GPS_RIDER,IRS,False,False
2019-11-15,253263,2036-02-15,0.0279876,0.0215813,0.0190988,2019-06-28,-148250000,-148250000,6m,30/360,3m,ACT/360,"",MF,MF,2019-11-15,253263,F0LVA07_01,1,07,VAGB_TCM_GPS_RIDER,IRS,False,False
2019-11-15,253278,2036-02-15,0.0279185,0.0215813,0.0190988,2019-03-29,-145500000,-145500000,6m,30/360,3m,ACT/360,"",MF,MF,2019-11-15,253278,F0LVA07_01,1,07,VAGB_TCM_GPS_RIDER,IRS,False,False
2019-11-15,253367,2024-02-27,0.0253621,0.0213225,0.0213225,2019-02-27,-15000000,-15000000,6m,30/360,3m,ACT/360,"",MF,MF,2019-11-15,253367,F0LVA26_01,1,26,VAGB_TCM_GPS_RIDER,IRS,False,False
2019-11-15,253417,2039-02-15,0.0280625,0.0215813,0.0190988,2019-05-15,-130000000,-130000000,6m,30/360,3m,ACT/360,"",MF,MF,2019-11-15,253417,F0LVA07_01,1,07,VAGB_TCM_GPS_RIDER,IRS,False,False
2019-11-15,253549,2039-02-15,0.028504,0.0215813,0.0190988,2019-05-15,-129000000,-129000000,6m,30/360,3m,ACT/360,"",MF,MF,2019-11-15,253549,F0LVA07_01,1,07,VAGB_TCM_GPS_RIDER,IRS,False,False
2019-11-15,253616,2029-03-04,0.027047,0.0213275,0.0213275,2019-03-04,-50000000,-50000000,6m,30/360,3m,ACT/360,"",MF,MF,2019-11-15,253616,F0LVA07_01,1,07,VAGB_TCM_GPS_RIDER,IRS,False,False
2019-11-15,253617,2029-03-04,0.0271503,0.0213275,0.0213275,2019-03-04,-25000000,-25000000,6m,30/360,3m,ACT/360,"",MF,MF,2019-11-15,253617,F0LVA07_01,1,07,VAGB_TCM_GPS_RIDER,IRS,False,False
2019-11-15,253621,2029-03-04,0.0272163,0.0213275,0.0213275,2019-03-04,-5000000,-5000000,6m,30/360,3m,ACT/360,"",MF,MF,2019-11-15,253621,R05VA10_01,1,10,VAGB_TARE_GMWB,IRS,False,False
2019-11-15,253648,2029-03-04,0.027313,0.0213275,0.0213275,2019-03-04,-50000000,-50000000,6m,30/360,3m,ACT/360,"",MF,MF,2019-11-15,253648,F0LVA07_01,1,07,VAGB_TCM_GPS_RIDER,IRS,False,False
2019-11-15,253661,2029-03-04,0.027345,0.0213275,0.0213275,2019-03-04,-60000000,-60000000,6m,30/360,3m,ACT/360,"",MF,MF,2019-11-15,253661,F0LVA07_01,1,07,VAGB_TCM_GPS_RIDER,IRS,False,False
2019-11-15,258259,2026-03-06,0.026589,0.0211238,0.0211238,2019-03-06,-125000000,-125000000,6m,30/360,3m,ACT/360,"",MF,MF,2019-11-15,258259,F0LVA07_01,1,07,VAGB_TCM_GPS_RIDER,IRS,False,False
2019-11-15,258268,2026-03-06,0.0264035,0.0211238,0.0211238,2019-03-06,-25000000,-25000000,6m,30/360,3m,ACT/360,"",MF,MF,2019-11-15,258268,F0LVA10_01,1,10,VAGB_TCM_GPS_RIDER,IRS,False,False
2019-11-15,258355,2036-02-15,0.0288351,0.0215813,0.0190988,2019-06-28,-149000000,-149000000,6m,30/360,3m,ACT/360,"",MF,MF,2019-11-15,258355,F0LVA07_01,1,07,VAGB_TCM_GPS_RIDER,IRS,False,False
2019-11-15,259113,2034-03-15,0.027451,0.021185,0.021185,2019-03-15,25000000,25000000,6m,30/360,3m,ACT/360,"",MF,MF,2019-11-15,259113,F0LVA07_01,1,07,VAGB_TCM_GPS_RIDER,IRS,False,False
2019-11-15,259114,2034-03-15,0.0274004,0.021185,0.021185,2019-03-15,50000000,50000000,6m,30/360,3m,ACT/360,"",MF,MF,2019-11-15,259114,F0LVA07_01,1,07,VAGB_TCM_GPS_RIDER,IRS,False,False
2019-11-15,260753,2024-03-22,0.024613,0.0215888,0.0215888,2019-03-22,-75000000,-75000000,6m,30/360,3m,ACT/360,"",MF,MF,2019-11-15,260753,F0LVA07_01,1,07,VAGB_TCM_GPS_RIDER,IRS,False,False
2019-11-15,261678,2028-11-15,0.023456,0.0215813,0.0190988,2019-06-28,-296000000,-296000000,6m,30/360,3m,ACT/360,"",MF,MF,2019-11-15,261678,F0LVA07_01,1,07,VAGB_TCM_GPS_RIDER,IRS,False,False
2019-11-15,261770,2028-11-15,0.0237884,0.0215813,0.0190988,2019-06-28,-239000000,-239000000,6m,30/360,3m,ACT/360,"",MF,MF,2019-11-15,261770,F0LVA07_01,1,07,VAGB_TCM_GPS_RIDER,IRS,False,False
2019-11-15,261771,2028-11-15,0.0237773,0.0215813,0.0190988,2019-06-28,-178000000,-178000000,6m,30/360,3m,ACT/360,"",MF,MF,2019-11-15,261771,F0LVA07_01,1,07,VAGB_TCM_GPS_RIDER,IRS,False,False
2019-11-15,261772,2028-11-15,0.0238052,0.0215813,0.0190988,2019-06-28,-237000000,-237000000,6m,30/360,3m,ACT/360,"",MF,MF,2019-11-15,261772,F0LVA07_01,1,07,VAGB_TCM_GPS_RIDER,IRS,False,False
2019-11-15,262925,2028-11-15,0.0230951,0.0215813,0.0190988,2019-06-28,-236300000,-236300000,6m,30/360,3m,ACT/360,"",MF,MF,2019-11-15,262925,F0LVA07_01,1,07,VAGB_TCM_GPS_RIDER,IRS,False,False
2019-11-15,262926,2036-02-15,0.0249733,0.0215813,0.0190988,2019-06-28,-144500000,-144500000,6m,30/360,3m,ACT/360,"",MF,MF,2019-11-15,262926,F0LVA07_01,1,07,VAGB_TCM_GPS_RIDER,IRS,False,False
2019-11-15,262927,2028-11-15,0.0233613,0.0215813,0.0190988,2019-06-28,-119000000,-119000000,6m,30/360,3m,ACT/360,"",MF,MF,2019-11-15,262927,F0LVA10_01,1,10,VAGB_TCM_GPS_RIDER,IRS,False,False
2019-11-15,262987,2028-11-15,0.0236051,0.0215813,0.0190988,2019-06-28,-233000000,-233000000,6m,30/360,3m,ACT/360,"",MF,MF,2019-11-15,262987,F0LVA07_01,1,07,VAGB_TCM_GPS_RIDER,IRS,False,False
2019-11-15,262988,2036-02-15,0.0251125,0.0215813,0.0190988,2019-06-28,-108500000,-108500000,6m,30/360,3m,ACT/360,"",MF,MF,2019-11-15,262988,F0LVA07_01,1,07,VAGB_TCM_GPS_RIDER,IRS,False,False
2019-11-15,262989,2036-02-15,0.0251876,0.0215813,0.0190988,2019-06-28,-108600000,-108600000,6m,30/360,3m,ACT/360,"",MF,MF,2019-11-15,262989,F0LVA07_01,1,07,VAGB_TCM_GPS_RIDER,IRS,False,False
2019-11-15,264123,2024-04-15,0.0233464,0.0200088,0.0200088,2019-04-15,-25000000,-25000000,6m,30/360,3m,ACT/360,"",MF,MF,2019-11-15,264123,F0LVA07_01,1,07,VAGB_TCM_GPS_RIDER,IRS,False,False
2019-11-15,264144,2024-04-15,0.02342,0.0200088,0.0200088,2019-04-15,-25000000,-25000000,6m,30/360,3m,ACT/360,"",MF,MF,2019-11-15,264144,F0LVA07_01,1,07,VAGB_TCM_GPS_RIDER,IRS,False,False
2019-11-15,264596,2036-02-15,0.0268,0.0215813,0.0190988,2019-04-17,-25000000,-25000000,6m,30/360,3m,ACT/360,"",MF,MF,2019-11-15,264596,F0LVA07_01,1,07,VAGB_TCM_GPS_RIDER,IRS,False,False
2019-11-15,264620,2036-02-15,0.02681,0.0215813,0.0190988,2019-04-17,-25000000,-25000000,6m,30/360,3m,ACT/360,"",MF,MF,2019-11-15,264620,F0LVA07_01,1,07,VAGB_TCM_GPS_RIDER,IRS,False,False
2019-11-15,264762,2023-04-23,0.0242499,0.01934,0.01934,2019-04-23,-100000000,-100000000,6m,30/360,3m,ACT/360,"",MF,MF,2019-11-15,264762,F0LVA07_01,1,07,VAGB_TCM_GPS_RIDER,IRS,False,False
2019-11-15,264771,2024-04-23,0.0243895,0.01934,0.01934,2019-04-23,-10000000,-10000000,6m,30/360,3m,ACT/360,"",MF,MF,2019-11-15,264771,R05VA10_01,1,10,VAGB_TARE_GMWB,IRS,False,False
2019-11-15,275475,2022-06-13,0.018115,0.01594311,0.01604946,2020-06-13,-100000000,-100000000,6m,30/360,3m,ACT/360,"",MF,MF,2019-11-15,275475,F0LVA07_01,1,07,VAGB_TCM_GPS_RIDER,IRS,False,False
2019-11-15,275501,2022-06-13,0.0178,0.01594311,0.01604946,2020-06-13,-100000000,-100000000,6m,30/360,3m,ACT/360,"",MF,MF,2019-11-15,275501,F0LVA07_01,1,07,VAGB_TCM_GPS_RIDER,IRS,False,False
2019-11-15,276156,2036-02-15,0.0218868,0.0206643,0.0190988,2019-09-30,-71400000,-71400000,6m,30/360,3m,ACT/360,"",MF,MF,2019-11-15,276156,F0LVA07_01,1,07,VAGB_TCM_GPS_RIDER,IRS,False,False
2019-11-15,276157,2036-02-15,0.0218868,0.0206643,0.0190988,2019-09-30,-71400000,-71400000,6m,30/360,3m,ACT/360,"",MF,MF,2019-11-15,276157,F0LVA26_01,1,26,VAGB_TCM_GPS_RIDER,IRS,False,False
2019-11-15,279992,2029-02-15,0.0147564,0.0206643,0.0190988,2019-09-30,-79300000,-79300000,6m,30/360,3m,ACT/360,"",MF,MF,2019-11-15,279992,R05VA10_01,1,10,VAGB_TARE_GMWB,IRS,False,False
2019-11-15,280098,2036-02-15,0.0178052,0.0206643,0.0190988,2019-09-30,-69000000,-69000000,6m,30/360,3m,ACT/360,"",MF,MF,2019-11-15,280098,R05VA10_01,1,10,VAGB_TARE_GMWB,IRS,False,False
2019-11-15,282387,2022-08-29,0.01211,0.01513359,0.01523517,2020-08-29,-250000000,-250000000,6m,30/360,3m,ACT/360,"",MF,MF,2019-11-15,282387,F0LVA07_01,1,07,VAGB_TCM_GPS_RIDER,IRS,False,False
2019-11-15,283269,2022-09-08,0.012405,0.01516907,0.01527331,2020-09-08,-200000000,-200000000,6m,30/360,3m,ACT/360,"",MF,MF,2019-11-15,283269,F0LVA07_01,1,07,VAGB_TCM_GPS_RIDER,IRS,False,False
2019-11-15,285992,2022-09-25,0.0156261,0.0210625,0.0210625,2019-09-25,100000000,100000000,6m,30/360,3m,ACT/360,"",MF,MF,2019-11-15,285992,F0LVA07_01,1,07,VAGB_TCM_GPS_RIDER,IRS,False,False
2019-11-15,286000,2022-09-25,0.015635,0.0210625,0.0210625,2019-09-25,100000000,100000000,6m,30/360,3m,ACT/360,"",MF,MF,2019-11-15,286000,F0LVA07_01,1,07,VAGB_TCM_GPS_RIDER,IRS,False,False
2019-11-15,286234,2022-09-26,0.015115,0.02113,0.02113,2019-09-26,200000000,200000000,6m,30/360,3m,ACT/360,"",MF,MF,2019-11-15,286234,F0LVA07_01,1,07,VAGB_TCM_GPS_RIDER,IRS,False,False
2019-11-15,288535,2022-10-28,0.015604,0.0193563,0.0193563,2019-10-28,200000000,200000000,6m,30/360,3m,ACT/360,"",MF,MF,2019-11-15,288535,F0LVA07_01,1,07,VAGB_TCM_GPS_RIDER,IRS,False,False
2019-11-15,42582,2028-09-10,0.05119,0.0213413,0.0213413,2018-09-10,75000000,75000000,6m,30/360,3m,ACT/360,"",MF,MF,2019-11-15,42582,F0LVA07_01,1,07,VAGB_TCM_GPS_RIDER,IRS,False,False
2019-11-15,42584,2028-09-12,0.0499,0.0213163,0.0213163,2018-09-12,75000000,75000000,6m,30/360,3m,ACT/360,"",MF,MF,2019-11-15,42584,F0LVA07_01,1,07,VAGB_TCM_GPS_RIDER,IRS,False,False
2019-11-15,42593,2024-02-19,0.0433,0.02014,0.02014,2010-02-19,6000000,6000000,6m,30/360,6m,ACT/360,"",MF,MF,2019-11-15,42593,R01SS07_01,1,07,VAGB_TARE_GMDB,IRS,False,False
2019-11-15,42596,2022-05-25,0.035875,0.0256013,0.0256013,2010-05-25,12500000,12500000,6m,30/360,6m,ACT/360,"",MF,MF,2019-11-15,42596,R01SS07_01,1,07,VAGB_TARE_GMDB,IRS,False,False
2019-11-15,42598,2030-05-28,0.03937,0.0256013,0.0256013,2010-05-28,20000000,20000000,6m,30/360,6m,ACT/360,"",MF,MF,2019-11-15,42598,R05VA10_01,1,10,VAGB_TARE_GMWB,IRS,False,False
2019-11-15,42601,2021-05-16,0.0328,0.0216838,0.0216838,2011-05-16,250000000,250000000,6m,30/360,3m,ACT/360,"",MF,MF,2019-11-15,42601,F0LVA07_01,1,07,VAGB_TCM_GPS_RIDER,IRS,False,False
2019-11-15,42602,2026-05-16,0.03782,0.0216838,0.0216838,2011-05-16,125000000,125000000,6m,30/360,3m,ACT/360,"",MF,MF,2019-11-15,42602,F0LVA07_01,1,07,VAGB_TCM_GPS_RIDER,IRS,False,False
2019-11-15,42605,2036-08-12,0.031875,0.0190063,0.0190063,2011-08-12,25000000,25000000,6m,30/360,3m,ACT/360,"",MF,MF,2019-11-15,42605,R05VA10_01,1,10,VAGB_TARE_GMWB,IRS,False,False
2019-11-15,42606,2021-08-15,0.023925,0.0215813,0.0190988,2011-08-15,60000000,60000000,6m,30/360,3m,ACT/360,"",MF,MF,2019-11-15,42606,F0LVA07_01,1,07,VAGB_TCM_GPS_RIDER,IRS,False,False
2019-11-15,42612,2021-09-27,0.019525,0.0209963,0.0209963,2011-09-27,60000000,60000000,6m,30/360,3m,ACT/360,"",MF,MF,2019-11-15,42612,R05VA10_01,1,10,VAGB_TARE_GMWB,IRS,False,False
2019-11-15,42613,2021-09-27,0.01973,0.0209963,0.0209963,2011-09-27,400000000,400000000,6m,30/360,3m,ACT/360,"",MF,MF,2019-11-15,42613,F0LVA07_01,1,07,VAGB_TCM_GPS_RIDER,IRS,False,False
2019-11-15,42631,2022-07-27,0.02358,0.0193563,0.0193563,2017-07-27,60000000,60000000,6m,30/360,3m,ACT/360,"",MF,MF,2019-11-15,42631,F0LVA07_01,1,07,VAGB_TCM_GPS_RIDER,IRS,False,False
2019-11-15,42885,2026-12-01,0.05105,0.0213763,0.0213763,2006-12-01,35000000,35000000,6m,30/360,3m,ACT/360,"",MF,MF,2019-11-15,42885,R05VA10_01,1,10,VAGB_TARE_GMWB,IRS,False,False
2019-11-15,43023,2028-06-25,0.05496,0.0210625,0.0210625,2018-06-25,90000000,90000000,6m,30/360,3m,ACT/360,"",F,F,2019-11-15,43023,F0LVA07_01,1,07,VAGB_TCM_GPS_RIDER,IRS,False,False
2019-11-15,43049,2031-05-16,0.0393625,0.0216838,0.0216838,2011-05-16,75000000,75000000,6m,30/360,3m,ACT/360,"",MF,MF,2019-11-15,43049,F0LVA07_01,1,07,VAGB_TCM_GPS_RIDER,IRS,False,False
2019-11-15,43050,2026-05-16,0.03779,0.0216838,0.0216838,2011-05-16,125000000,125000000,6m,30/360,3m,ACT/360,"",MF,MF,2019-11-15,43050,F0LVA07_01,1,07,VAGB_TCM_GPS_RIDER,IRS,False,False
2019-11-15,43051,2026-08-05,0.032325,0.018905,0.018905,2011-08-05,75000000,75000000,6m,30/360,3m,ACT/360,"",MF,MF,2019-11-15,43051,F0LVA07_01,1,07,VAGB_TCM_GPS_RIDER,IRS,False,False
2019-11-15,43056,2026-08-15,0.029175,0.0215813,0.0190988,2011-08-15,80000000,80000000,6m,30/360,3m,ACT/360,"",MF,MF,2019-11-15,43056,F0LVA07_01,1,07,VAGB_TCM_GPS_RIDER,IRS,False,False
2019-11-15,43058,2036-09-27,0.025575,0.0209963,0.0209963,2011-09-27,10000000,10000000,6m,30/360,3m,ACT/360,"",MF,MF,2019-11-15,43058,R05VA10_01,1,10,VAGB_TARE_GMWB,IRS,False,False
2019-11-15,43060,2022-05-04,0.02053,0.0190225,0.0190225,2012-05-04,70000000,70000000,6m,30/360,3m,ACT/360,"",MF,MF,2019-11-15,43060,R05VA10_01,1,10,VAGB_TARE_GMWB,IRS,False,False
2019-11-15,43061,2032-05-04,0.02693,0.0190225,0.0190225,2012-05-04,30000000,30000000,6m,30/360,3m,ACT/360,"",MF,MF,2019-11-15,43061,R05VA10_01,1,10,VAGB_TARE_GMWB,IRS,False,False
2019-11-15,43065,2027-05-21,0.02258,0.021515,0.021515,2012-05-21,75000000,75000000,6m,30/360,3m,ACT/360,"",MF,MF,2019-11-15,43065,R05VA10_01,1,10,VAGB_TARE_GMWB,IRS,False,False
2019-11-15,43066,2027-05-21,0.022275,0.021515,0.021515,2012-05-21,100000000,100000000,6m,30/360,3m,ACT/360,"",MF,MF,2019-11-15,43066,F0LVA07_01,1,07,VAGB_TCM_GPS_RIDER,IRS,False,False
2019-11-15,43067,2032-05-21,0.0238375,0.021515,0.021515,2012-05-21,160000000,160000000,6m,30/360,3m,ACT/360,"",MF,MF,2019-11-15,43067,F0LVA07_01,1,07,VAGB_TCM_GPS_RIDER,IRS,False,False
2019-11-15,43068,2027-06-07,0.02049,0.0210213,0.0210213,2012-06-07,50000000,50000000,6m,30/360,3m,ACT/360,"",MF,MF,2019-11-15,43068,F0LVA07_01,1,07,VAGB_TCM_GPS_RIDER,IRS,False,False
2019-11-15,43070,2027-07-27,0.0261,0.0193563,0.0193563,2017-07-27,100000000,100000000,6m,30/360,3m,ACT/360,"",MF,MF,2019-11-15,43070,F0LVA07_01,1,07,VAGB_TCM_GPS_RIDER,IRS,False,False
2019-11-15,43072,2032-08-21,0.03174,0.021515,0.021515,2017-08-21,300000000,300000000,6m,30/360,3m,ACT/360,"",MF,MF,2019-11-15,43072,F0LVA07_01,1,07,VAGB_TCM_GPS_RIDER,IRS,False,False
2019-11-15,43073,2027-08-29,0.02207,0.0211738,0.0211738,2012-08-29,100000000,100000000,6m,30/360,3m,ACT/360,"",MF,MF,2019-11-15,43073,F0LVA07_01,1,07,VAGB_TCM_GPS_RIDER,IRS,False,False
2019-11-15,43074,2032-08-29,0.0264875,0.0211738,0.0211738,2014-08-29,250000000,250000000,6m,30/360,3m,ACT/360,"",MF,MF,2019-11-15,43074,F0LVA07_01,1,07,VAGB_TCM_GPS_RIDER,IRS,False,False
2019-11-15,48477,2042-11-16,0.0245875,0.0216838,0.0216838,2012-11-16,20000000,20000000,6m,30/360,3m,ACT/360,"",MF,MF,2019-11-15,48477,R05VA10_01,1,10,VAGB_TARE_GMWB,IRS,False,False
2019-11-15,49723,2042-12-05,0.025775,0.0212663,0.0212663,2012-12-05,30000000,30000000,6m,30/360,3m,ACT/360,"",MF,MF,2019-11-15,49723,R05VA10_01,1,10,VAGB_TARE_GMWB,IRS,False,False
2019-11-15,49724,2027-12-05,0.0301375,0.0212663,0.0212663,2017-12-05,20000000,20000000,6m,30/360,3m,ACT/360,"",MF,MF,2019-11-15,49724,R05VA10_01,1,10,VAGB_TARE_GMWB,IRS,False,False
2019-11-15,52877,2028-02-01,0.026315,0.0190913,0.0190913,2013-02-01,275000000,275000000,6m,30/360,3m,ACT/360,"",MF,MF,2019-11-15,52877,F0LVA07_01,1,07,VAGB_TCM_GPS_RIDER,IRS,False,False
2019-11-15,52944,2033-02-04,0.0378,0.01877009,0.01889581,2028-02-04,50000000,50000000,6m,30/360,3m,ACT/360,"",MF,MF,2019-11-15,52944,R05VA10_01,1,10,VAGB_TARE_GMWB,IRS,False,False
2019-11-15,56769,2023-04-09,0.0188,0.02012,0.02012,2013-04-09,50000000,50000000,6m,30/360,3m,ACT/360,"",MF,MF,2019-11-15,56769,F0LVA07_01,1,07,VAGB_TCM_GPS_RIDER,IRS,False,False
2019-11-15,56774,2033-04-09,0.0262,0.02012,0.02012,2013-04-09,100000000,100000000,6m,30/360,3m,ACT/360,"",MF,MF,2019-11-15,56774,F0LVA07_01,1,07,VAGB_TCM_GPS_RIDER,IRS,False,False
2019-11-15,57415,2023-04-18,0.01891,0.0200325,0.0200325,2013-04-18,80000000,80000000,6m,30/360,3m,ACT/360,"",MF,MF,2019-11-15,57415,F0LVA07_01,1,07,VAGB_TCM_GPS_RIDER,IRS,False,False
2019-11-15,57416,2033-04-18,0.02653,0.0200325,0.0200325,2013-04-18,80000000,80000000,6m,30/360,3m,ACT/360,"",MF,MF,2019-11-15,57416,F0LVA07_01,1,07,VAGB_TCM_GPS_RIDER,IRS,False,False
2019-11-15,57563,2033-04-23,0.026175,0.01934,0.01934,2013-04-23,125000000,125000000,6m,30/360,3m,ACT/360,"",MF,MF,2019-11-15,57563,F0LVA07_01,1,07,VAGB_TCM_GPS_RIDER,IRS,False,False
2019-11-15,58567,2023-05-09,0.03116,0.0190063,0.0190063,2018-05-09,-40000000,-40000000,6m,30/360,3m,ACT/360,"",MF,MF,2019-11-15,58567,R05VA10_01,1,10,VAGB_TARE_GMWB,IRS,False,False
2019-11-15,60008,2023-05-31,0.02305,0.0212413,0.0212413,2013-05-31,-5000000,-5000000,6m,30/360,3m,ACT/360,"",MF,MF,2019-11-15,60008,R05VA10_01,1,10,VAGB_TARE_GMWB,IRS,False,False
2019-11-15,60025,2023-05-31,0.0227875,0.0212413,0.0212413,2013-05-31,-5000000,-5000000,6m,30/360,3m,ACT/360,"",MF,MF,2019-11-15,60025,R05VA10_01,1,10,VAGB_TARE_GMWB,IRS,False,False
2019-11-15,60027,2033-05-31,0.0305,0.0212413,0.0212413,2013-05-31,-11000000,-11000000,6m,30/360,3m,ACT/360,"",MF,MF,2019-11-15,60027,R05VA10_01,1,10,VAGB_TARE_GMWB,IRS,False,False
2019-11-15,60561,2023-06-10,0.02242,0.0213413,0.0213413,2013-06-10,4000000,4000000,6m,30/360,3m,ACT/360,"",MF,MF,2019-11-15,60561,R05VA10_01,1,10,VAGB_TARE_GMWB,IRS,False,False
2019-11-15,60693,2033-06-12,0.04083,0.01556902,0.01620045,2023-06-12,100000000,100000000,6m,30/360,3m,ACT/360,"",MF,MF,2019-11-15,60693,F0LVA07_01,1,07,VAGB_TCM_GPS_RIDER,IRS,False,False
2019-11-15,60755,2023-06-11,0.0353,0.0213838,0.0213838,2018-06-11,17500000,17500000,6m,30/360,3m,ACT/360,"",MF,MF,2019-11-15,60755,R05VA10_01,1,10,VAGB_TARE_GMWB,IRS,False,False
2019-11-15,60886,2023-06-13,0.03591,0.0212725,0.0212725,2018-06-13,-25000000,-25000000,6m,30/360,3m,ACT/360,"",MF,MF,2019-11-15,60886,R05VA10_01,1,10,VAGB_TARE_GMWB,IRS,False,False
2019-11-15,64211,2033-08-20,0.04567,0.0213588,0.0213588,2018-08-20,100000000,100000000,6m,30/360,3m,ACT/360,"",MF,MF,2019-11-15,64211,F0LVA07_01,1,07,VAGB_TCM_GPS_RIDER,IRS,False,False
2019-11-15,71029,2023-11-27,0.0437875,0.0213225,0.0213225,2018-11-27,-425000000,-425000000,6m,30/360,3m,ACT/360,"",MF,MF,2019-11-15,71029,F0LVA07_01,1,07,VAGB_TCM_GPS_RIDER,IRS,False,False
2019-11-15,71035,2028-11-27,0.0457125,0.0213225,0.0213225,2018-11-27,-320000000,-320000000,6m,30/360,3m,ACT/360,"",MF,MF,2019-11-15,71035,F0LVA07_01,1,07,VAGB_TCM_GPS_RIDER,IRS,False,False
2019-11-15,71949,2033-12-11,0.04649,0.01975304,0.02000364,2028-12-11,-15000000,-15000000,6m,30/360,3m,ACT/360,"",MF,MF,2019-11-15,71949,R05VA10_01,1,10,VAGB_TARE_GMWB,IRS,False,False
2019-11-15,72540,2028-12-18,0.03456,0.0214513,0.0214513,2013-12-18,-25000000,-25000000,6m,30/360,3m,ACT/360,"",MF,MF,2019-11-15,72540,F0LVA07_01,1,07,VAGB_TCM_GPS_RIDER,IRS,False,False
2019-11-15,73687,2024-01-09,0.03017,0.02012,0.02012,2014-01-09,-85000000,-85000000,6m,30/360,3m,ACT/360,"",MF,MF,2019-11-15,73687,F0LVA07_01,1,07,VAGB_TCM_GPS_RIDER,IRS,False,False
2019-11-15,73792,2029-01-16,0.04867,0.0157391,0.01586062,2024-01-16,40000000,40000000,6m,30/360,3m,ACT/360,"",MF,MF,2019-11-15,73792,R05VA10_01,1,10,VAGB_TARE_GMWB,IRS,False,False
2019-11-15,73793,2034-01-16,0.04643,0.01984479,0.02013634,2029-01-16,-20000000,-20000000,6m,30/360,3m,ACT/360,"",MF,MF,2019-11-15,73793,R05VA10_01,1,10,VAGB_TARE_GMWB,IRS,False,False
2019-11-15,74836,2029-01-31,0.03325,0.0192713,0.0192713,2014-01-31,10000000,10000000,6m,30/360,3m,ACT/360,"",MF,MF,2019-11-15,74836,R05VA10_01,1,10,VAGB_TARE_GMWB,IRS,False,False
2019-11-15,75085,2024-02-04,0.02795,0.0190225,0.0190225,2014-02-04,55000000,55000000,6m,30/360,3m,ACT/360,"",MF,MF,2019-11-15,75085,F0LVA07_01,1,07,VAGB_TCM_GPS_RIDER,IRS,False,False
2019-11-15,75265,2024-02-06,0.02768,0.0190825,0.0190825,2014-02-06,-5000000,-5000000,6m,30/360,3m,ACT/360,"",MF,MF,2019-11-15,75265,R05VA10_01,1,10,VAGB_TARE_GMWB,IRS,False,False
2019-11-15,75266,2029-02-06,0.032475,0.0190825,0.0190825,2014-02-06,27000000,27000000,6m,30/360,3m,ACT/360,"",MF,MF,2019-11-15,75266,R05VA10_01,1,10,VAGB_TARE_GMWB,IRS,False,False
2019-11-15,75267,2034-02-06,0.034488,0.0190825,0.0190825,2014-02-06,-10000000,-10000000,6m,30/360,3m,ACT/360,"",MF,MF,2019-11-15,75267,R05VA10_01,1,10,VAGB_TARE_GMWB,IRS,False,False
2019-11-15,75269,2024-02-06,0.02762,0.0190825,0.0190825,2014-02-06,30000000,30000000,6m,30/360,3m,ACT/360,"",MF,MF,2019-11-15,75269,F0LVA07_01,1,07,VAGB_TCM_GPS_RIDER,IRS,False,False
2019-11-15,75270,2029-02-06,0.03245,0.0190825,0.0190825,2014-02-06,25000000,25000000,6m,30/360,3m,ACT/360,"",MF,MF,2019-11-15,75270,F0LVA07_01,1,07,VAGB_TCM_GPS_RIDER,IRS,False,False
2019-11-15,75649,2021-02-14,0.023025,0.0190925,0.0190925,2014-02-14,45000000,45000000,6m,30/360,3m,ACT/360,"",MF,MF,2019-11-15,75649,R05VA10_01,1,10,VAGB_TARE_GMWB,IRS,False,False
2019-11-15,75651,2034-02-14,0.03577,0.0190925,0.0190925,2014-02-14,45000000,45000000,6m,30/360,3m,ACT/360,"",MF,MF,2019-11-15,75651,R05VA10_01,1,10,VAGB_TARE_GMWB,IRS,False,False
2019-11-15,75652,2029-02-14,0.03377,0.0190925,0.0190925,2014-02-14,-130000000,-130000000,6m,30/360,3m,ACT/360,"",MF,MF,2019-11-15,75652,R05VA10_01,1,10,VAGB_TARE_GMWB,IRS,False,False
2019-11-15,76223,2021-02-27,0.0222612,0.0213225,0.0213225,2014-02-27,-100000000,-100000000,6m,30/360,3m,ACT/360,"",MF,MF,2019-11-15,76223,F0LVA07_01,1,07,VAGB_TCM_GPS_RIDER,IRS,False,False
2019-11-15,76225,2034-02-27,0.03491,0.0213225,0.0213225,2014-02-27,75000000,75000000,6m,30/360,3m,ACT/360,"",MF,MF,2019-11-15,76225,F0LVA07_01,1,07,VAGB_TCM_GPS_RIDER,IRS,False,False
2019-11-15,76481,2029-03-04,0.032715,0.0213275,0.0213275,2014-03-04,1000000,1000000,6m,30/360,3m,ACT/360,"",MF,MF,2019-11-15,76481,F0LVA07_01,1,07,VAGB_TCM_GPS_RIDER,IRS,False,False
2019-11-15,78180,2034-03-27,0.043325,0.01581395,0.01582223,2024-03-27,-125000000,-125000000,6m,30/360,3m,ACT/360,"",MF,MF,2019-11-15,78180,F0LVA07_01,1,07,VAGB_TCM_GPS_RIDER,IRS,False,False
2019-11-15,78181,2034-03-27,0.03452,0.0209963,0.0209963,2014-03-27,-100000000,-100000000,6m,30/360,3m,ACT/360,"",MF,MF,2019-11-15,78181,F0LVA07_01,1,07,VAGB_TCM_GPS_RIDER,IRS,False,False
2019-11-15,78499,2034-04-02,0.042795,0.01582014,0.01582308,2024-04-02,-200000000,-200000000,6m,30/360,3m,ACT/360,"",MF,MF,2019-11-15,78499,F0LVA07_01,1,07,VAGB_TCM_GPS_RIDER,IRS,False,False
2019-11-15,78500,2029-04-02,0.0418375,0.0208513,0.0208513,2019-04-02,-175000000,-175000000,6m,30/360,3m,ACT/360,"",MF,MF,2019-11-15,78500,F0LVA07_01,1,07,VAGB_TCM_GPS_RIDER,IRS,False,False
2019-11-15,78501,2034-04-02,0.0429,0.01582014,0.01582308,2024-04-02,-250000000,-250000000,6m,30/360,3m,ACT/360,"",MF,MF,2019-11-15,78501,F0LVA07_01,1,07,VAGB_TCM_GPS_RIDER,IRS,False,False
2019-11-15,78502,2029-04-02,0.041925,0.0208513,0.0208513,2019-04-02,-175000000,-175000000,6m,30/360,3m,ACT/360,"",MF,MF,2019-11-15,78502,F0LVA07_01,1,07,VAGB_TCM_GPS_RIDER,IRS,False,False
2019-11-15,78995,2029-04-09,0.032475,0.02012,0.02012,2014-04-09,-22500000,-22500000,6m,30/360,3m,ACT/360,"",MF,MF,2019-11-15,78995,R05VA10_01,1,10,VAGB_TARE_GMWB,IRS,False,False
2019-11-15,79006,2029-04-09,0.03233,0.02012,0.02012,2014-04-09,45000000,45000000,6m,30/360,3m,ACT/360,"",MF,MF,2019-11-15,79006,R05VA10_01,1,10,VAGB_TARE_GMWB,IRS,False,False
2019-11-15,80563,2029-05-07,0.03104,0.018935,0.018935,2014-05-07,-150000000,-150000000,6m,30/360,3m,ACT/360,"",MF,MF,2019-11-15,80563,F0LVA07_01,1,07,VAGB_TCM_GPS_RIDER,IRS,False,False
2019-11-15,81167,2024-05-20,0.03719,0.0213588,0.0213588,2019-05-20,20000000,20000000,6m,30/360,3m,ACT/360,"",MF,MF,2019-11-15,81167,R05VA10_01,1,10,VAGB_TARE_GMWB,IRS,False,False
2019-11-15,81168,2029-05-20,0.03014,0.0213588,0.0213588,2014-05-20,125000000,125000000,6m,30/360,3m,ACT/360,"",MF,MF,2019-11-15,81168,F0LVA07_01,1,07,VAGB_TCM_GPS_RIDER,IRS,False,False
2019-11-15,81169,2029-05-20,0.030065,0.0213588,0.0213588,2014-05-20,125000000,125000000,6m,30/360,3m,ACT/360,"",MF,MF,2019-11-15,81169,F0LVA07_01,1,07,VAGB_TCM_GPS_RIDER,IRS,False,False
2019-11-15,81170,2024-05-20,0.026045,0.0213588,0.0213588,2014-05-20,100000000,100000000,6m,30/360,3m,ACT/360,"",MF,MF,2019-11-15,81170,F0LVA07_01,1,07,VAGB_TCM_GPS_RIDER,IRS,False,False
2019-11-15,81270,2029-05-22,0.030445,0.021495,0.021495,2014-05-22,200000000,200000000,6m,30/360,3m,ACT/360,"",MF,MF,2019-11-15,81270,F0LVA07_01,1,07,VAGB_TCM_GPS_RIDER,IRS,False,False
2019-11-15,81271,2029-05-22,0.030435,0.021495,0.021495,2014-05-22,200000000,200000000,6m,30/360,3m,ACT/360,"",MF,MF,2019-11-15,81271,F0LVA07_01,1,07,VAGB_TCM_GPS_RIDER,IRS,False,False
2019-11-15,82450,2034-06-05,0.0326,0.0212663,0.0212663,2014-06-05,-15000000,-15000000,6m,30/360,3m,ACT/360,"",MF,MF,2019-11-15,82450,R05VA10_01,1,10,VAGB_TARE_GMWB,IRS,False,False
2019-11-15,82622,2024-06-06,0.02728,0.0211238,0.0211238,2014-06-06,-150000000,-150000000,6m,30/360,3m,ACT/360,"",MF,MF,2019-11-15,82622,F0LVA07_01,1,07,VAGB_TCM_GPS_RIDER,IRS,False,False
2019-11-15,83388,2024-06-16,0.02723,0.021185,0.021185,2014-06-16,-8000000,-8000000,6m,30/360,3m,ACT/360,"",MF,MF,2019-11-15,83388,R05VA10_01,1,10,VAGB_TARE_GMWB,IRS,False,False
2019-11-15,84963,2034-07-14,0.032035,0.0200088,0.0200088,2014-07-14,6000000,6000000,6m,30/360,3m,ACT/360,"",MF,MF,2019-11-15,84963,R05VA10_01,1,10,VAGB_TARE_GMWB,IRS,False,False
2019-11-15,86633,2029-08-12,0.02902,0.0190063,0.0190063,2014-08-12,200000000,200000000,6m,30/360,3m,ACT/360,"",MF,MF,2019-11-15,86633,F0LVA07_01,1,07,VAGB_TCM_GPS_RIDER,IRS,False,False
2019-11-15,86634,2034-08-12,0.0306625,0.0190063,0.0190063,2014-08-12,75000000,75000000,6m,30/360,3m,ACT/360,"",MF,MF,2019-11-15,86634,F0LVA07_01,1,07,VAGB_TCM_GPS_RIDER,IRS,False,False
2019-11-15,86635,2024-08-12,0.0254,0.0190063,0.0190063,2014-08-12,75000000,75000000,6m,30/360,3m,ACT/360,"",MF,MF,2019-11-15,86635,F0LVA07_01,1,07,VAGB_TCM_GPS_RIDER,IRS,False,False
2019-11-15,86636,2034-08-12,0.03073,0.0190063,0.0190063,2014-08-12,3500000,3500000,6m,30/360,3m,ACT/360,"",MF,MF,2019-11-15,86636,R05VA10_01,1,10,VAGB_TARE_GMWB,IRS,False,False
2019-11-15,86637,2024-08-12,0.02549,0.0190063,0.0190063,2014-08-12,4000000,4000000,6m,30/360,3m,ACT/360,"",MF,MF,2019-11-15,86637,R05VA10_01,1,10,VAGB_TARE_GMWB,IRS,False,False
2019-11-15,88498,2034-08-26,0.030825,0.0213225,0.0213225,2014-08-26,100000000,100000000,6m,30/360,3m,ACT/360,"",MF,MF,2019-11-15,88498,F0LVA07_01,1,07,VAGB_TCM_GPS_RIDER,IRS,False,False
2019-11-15,88937,2034-08-29,0.02999,0.0211738,0.0211738,2014-08-29,160000000,160000000,6m,30/360,3m,ACT/360,"",MF,MF,2019-11-15,88937,F0LVA07_01,1,07,VAGB_TCM_GPS_RIDER,IRS,False,False
2019-11-15,89873,2034-09-08,0.030626,0.0210213,0.0210213,2014-09-08,50000000,50000000,6m,30/360,3m,ACT/360,"",MF,MF,2019-11-15,89873,F0LVA07_01,1,07,VAGB_TCM_GPS_RIDER,IRS,False,False
2019-11-15,89875,2034-09-08,0.03057,0.0210213,0.0210213,2014-09-08,50000000,50000000,6m,30/360,3m,ACT/360,"",MF,MF,2019-11-15,89875,F0LVA07_01,1,07,VAGB_TCM_GPS_RIDER,IRS,False,False
2019-11-15,90183,2024-09-12,0.02659,0.0213163,0.0213163,2014-09-12,-8000000,-8000000,6m,30/360,3m,ACT/360,"",MF,MF,2019-11-15,90183,R05VA10_01,1,10,VAGB_TARE_GMWB,IRS,False,False
2019-11-15,90402,2029-09-17,0.03066,0.0213938,0.0213938,2014-09-17,-4000000,-4000000,6m,30/360,3m,ACT/360,"",MF,MF,2019-11-15,90402,R05VA10_01,1,10,VAGB_TARE_GMWB,IRS,False,False
2019-11-15,91072,2024-09-26,0.026644,0.02113,0.02113,2014-09-26,6000000,6000000,6m,30/360,3m,ACT/360,"",MF,MF,2019-11-15,91072,R05VA10_01,1,10,VAGB_TARE_GMWB,IRS,False,False
2019-11-15,91073,2034-09-26,0.031191,0.02113,0.02113,2014-09-26,5000000,5000000,6m,30/360,3m,ACT/360,"",MF,MF,2019-11-15,91073,R05VA10_01,1,10,VAGB_TARE_GMWB,IRS,False,False
2019-11-15,91677,2034-10-03,0.03024,0.0208863,0.0208863,2014-10-03,5500000,5500000,6m,30/360,3m,ACT/360,"",MF,MF,2019-11-15,91677,R05VA10_01,1,10,VAGB_TARE_GMWB,IRS,False,False
2019-11-15,91678,2034-10-03,0.030165,0.0208863,0.0208863,2014-10-03,100000000,100000000,6m,30/360,3m,ACT/360,"",MF,MF,2019-11-15,91678,F0LVA07_01,1,07,VAGB_TCM_GPS_RIDER,IRS,False,False
2019-11-15,92157,2024-10-14,0.02467,0.0200088,0.0200088,2014-10-14,7500000,7500000,6m,30/360,3m,ACT/360,"",MF,MF,2019-11-15,92157,R05VA10_01,1,10,VAGB_TARE_GMWB,IRS,False,False
2019-11-15,92515,2024-10-16,0.023605,0.0200088,0.0200088,2014-10-16,5000000,5000000,6m,30/360,3m,ACT/360,"",MF,MF,2019-11-15,92515,R05VA10_01,1,10,VAGB_TARE_GMWB,IRS,False,False
2019-11-15,92516,2029-10-16,0.02677,0.0200088,0.0200088,2014-10-16,4000000,4000000,6m,30/360,3m,ACT/360,"",MF,MF,2019-11-15,92516,R05VA10_01,1,10,VAGB_TARE_GMWB,IRS,False,False
2019-11-15,92666,2034-10-17,0.02715,0.0200213,0.0200213,2014-10-17,6000000,6000000,6m,30/360,3m,ACT/360,"",MF,MF,2019-11-15,92666,R05VA10_01,1,10,VAGB_TARE_GMWB,IRS,False,False
2019-11-15,93129,2034-10-22,0.028055,0.0195325,0.0195325,2014-10-22,-150000000,-150000000,6m,30/360,3m,ACT/360,"",MF,MF,2019-11-15,93129,F0LVA07_01,1,07,VAGB_TCM_GPS_RIDER,IRS,False,False
2019-11-15,93130,2034-10-22,0.02822,0.0195325,0.0195325,2014-10-22,-100000000,-100000000,6m,30/360,3m,ACT/360,"",MF,MF,2019-11-15,93130,F0LVA07_01,1,07,VAGB_TCM_GPS_RIDER,IRS,False,False
2019-11-15,93131,2034-10-22,0.0280764,0.0195325,0.0195325,2014-10-22,-100000000,-100000000,6m,30/360,3m,ACT/360,"",MF,MF,2019-11-15,93131,F0LVA07_01,1,07,VAGB_TCM_GPS_RIDER,IRS,False,False
2019-11-15,93242,2034-10-23,0.02856,0.01934,0.01934,2014-10-23,-7000000,-7000000,6m,30/360,3m,ACT/360,"",MF,MF,2019-11-15,93242,R05VA10_01,1,10,VAGB_TARE_GMWB,IRS,False,False
2019-11-15,93383,2034-10-24,0.02872,0.01936,0.01936,2014-10-24,-10000000,-10000000,6m,30/360,3m,ACT/360,"",MF,MF,2019-11-15,93383,R05VA10_01,1,10,VAGB_TARE_GMWB,IRS,False,False
2019-11-15,93870,2024-10-31,0.024675,0.0192713,0.0192713,2014-10-31,-9000000,-9000000,6m,30/360,3m,ACT/360,"",MF,MF,2019-11-15,93870,R05VA10_01,1,10,VAGB_TARE_GMWB,IRS,False,False
2019-11-15,94424,2029-11-10,0.028015,0.0190063,0.0190063,2014-11-10,-4000000,-4000000,6m,30/360,3m,ACT/360,"",MF,MF,2019-11-15,94424,R05VA10_01,1,10,VAGB_TARE_GMWB,IRS,False,False
2019-11-15,95377,2029-11-26,0.027305,0.0213225,0.0213225,2014-11-26,50000000,50000000,6m,30/360,3m,ACT/360,"",MF,MF,2019-11-15,95377,F0LVA07_01,1,07,VAGB_TCM_GPS_RIDER,IRS,False,False
2019-11-15,96475,2029-12-11,0.03108,0.019017,0.01895602,2019-12-11,90000000,90000000,6m,30/360,3m,ACT/360,"",MF,MF,2019-11-15,96475,F0LVA07_01,1,07,VAGB_TCM_GPS_RIDER,IRS,False,False
2019-11-15,96476,2029-12-11,0.0311125,0.019017,0.01895602,2019-12-11,85000000,85000000,6m,30/360,3m,ACT/360,"",MF,MF,2019-11-15,96476,F0LVA07_01,1,07,VAGB_TCM_GPS_RIDER,IRS,False,False
2019-11-15,96674,2034-12-15,0.027165,0.021185,0.021185,2014-12-15,6000000,6000000,6m,30/360,3m,ACT/360,"",MF,MF,2019-11-15,96674,R05VA10_01,1,10,VAGB_TARE_GMWB,IRS,False,False
2019-11-15,96899,2029-12-17,0.02497,0.0213938,0.0213938,2014-12-17,6000000,6000000,6m,30/360,3m,ACT/360,"",MF,MF,2019-11-15,96899,R05VA10_01,1,10,VAGB_TARE_GMWB,IRS,False,False
2019-11-15,97815,2024-12-23,0.023255,0.0215888,0.0215888,2014-12-23,-11000000,-11000000,6m,30/360,3m,ACT/360,"",MF,MF,2019-11-15,97815,R05VA10_01,1,10,VAGB_TARE_GMWB,IRS,False,False
2019-11-15,99757,2020-01-08,0.01617,0.02027,0.02027,2015-01-08,-100000000,-100000000,6m,30/360,3m,ACT/360,"",MF,MF,2019-11-15,99757,F0LVA07_01,1,07,VAGB_TCM_GPS_RIDER,IRS,False,False
2019-11-15,99769,2020-01-08,0.0159333,0.02027,0.02027,2015-01-08,-100000000,-100000000,6m,30/360,3m,ACT/360,"",MF,MF,2019-11-15,99769,F0LVA07_01,1,07,VAGB_TCM_GPS_RIDER,IRS,False,False
2019-11-15,99858,2025-01-09,0.02098,0.02012,0.02012,2015-01-09,15000000,15000000,6m,30/360,3m,ACT/360,"",MF,MF,2019-11-15,99858,R05VA10_01,1,10,VAGB_TARE_GMWB,IRS,False,False
